id;watermark;ignored
91;Green;CARD_ID_FOREST
126;Blue;CARD_ID_ISLAND
164;Red;CARD_ID_MOUNTAIN
188;White;CARD_ID_PLAINS
239;Black;CARD_ID_SWAMP
2100;Green;CARD_ID_SNOW_COVERED_FOREST
2101;Blue;CARD_ID_SNOW_COVERED_ISLAND
2102;Red;CARD_ID_SNOW_COVERED_MOUNTAIN
2103;White;CARD_ID_SNOW_COVERED_PLAINS
2104;Black;CARD_ID_SNOW_COVERED_SWAMP
14204;Sultai;CARD_ID_ABOMINATION_OF_GUDUL
12645;Golgari;CARD_ID_ABRUPT_DECAY
8018;Orzhov;CARD_ID_ABSOLVER_THRULL
11194;Mirran;CARD_ID_ABUNA_ACOLYTE
14502;Abzan;CARD_ID_ABZAN_ADVANTAGE
14205;Abzan;CARD_ID_ABZAN_ASCENDANCY
14206;Abzan;CARD_ID_ABZAN_BANNER
14207;Abzan;CARD_ID_ABZAN_BATTLE_PRIEST
14503;Abzan;CARD_ID_ABZAN_BEASTMASTER
14208;Abzan;CARD_ID_ABZAN_CHARM
14209;Abzan;CARD_ID_ABZAN_FALCONER
14210;Abzan;CARD_ID_ABZAN_GUIDE
14504;Abzan;CARD_ID_ABZAN_KIN_GUARD
14505;Abzan;CARD_ID_ABZAN_RUNEMARK
14506;Abzan;CARD_ID_ABZAN_SKYCAPTAIN
11195;Mirran;CARD_ID_ACCORDERS_SHIELD
11414;Mirran;CARD_ID_ACCORDER_PALADIN
14663;Silumgar;CARD_ID_ACID_SPEWER_DRAGON
11196;Mirran;CARD_ID_ACID_WEB_SPIDER
11557;Phyrexian;CARD_ID_ACT_OF_AGGRESSION
12875;Simic;CARD_ID_ADAPTIVE_SNAPJAW
13109;Selesnya;CARD_ID_ADVENT_OF_THE_WURM
13835;Nyx;CARD_ID_AEGIS_OF_THE_GODS
14664;Dromoka;CARD_ID_AERIE_BOWMASTERS
13837;Nyx;CARD_ID_AGENT_OF_EREBOS
8020;Orzhov;CARD_ID_AGENT_OF_MASKS
7765;Boros;CARD_ID_AGRUS_KOS_WOJEK_VETERAN
14665;Dromoka;CARD_ID_AINOK_ARTILLERIST
14211;Abzan;CARD_ID_AINOK_BOND_KIN
14666;Atarka;CARD_ID_AINOK_SURVIVALIST
14212;Temur;CARD_ID_AINOK_TRACKER
14509;Mardu;CARD_ID_ALESHAS_VANGUARD
14508;Mardu;CARD_ID_ALESHA_WHO_SMILES_AT_DEATH
13111;Selesnya;CARD_ID_ALIVE_WELL
11558;Mirran;CARD_ID_ALLOY_MYR
12879;Orzhov;CARD_ID_ALMS_BEAST
11197;Mirran;CARD_ID_ALPHA_TYRRANAX
14667;Kolaghan;CARD_ID_AMBUSCADE_SHAMAN
14510;Abzan;CARD_ID_AMBUSH_KROTIQ
14668;Dromoka;CARD_ID_ANAFENZA_KIN_TREE_SPIRIT
14216;Abzan;CARD_ID_ANAFENZA_THE_FOREMOST
1609;Orzhov;CARD_ID_ANGEL_OF_DESPAIR
14217;Mardu;CARD_ID_ANKLE_SHANKER
8165;Rakdos;CARD_ID_ANTHEM_OF_RAKDOS
11559;Phyrexian;CARD_ID_APOSTLES_BLESSING
8166;Simic;CARD_ID_AQUASTRAND_SPIDER
14512;Abzan;CARD_ID_ARASHIN_CLERIC
14672;Dromoka;CARD_ID_ARASHIN_FOREMOST
14845;Dromoka;CARD_ID_ARASHIN_SOVEREIGN
14513;Abzan;CARD_ID_ARASHIN_WAR_BEAST
8885;Timeshift;CARD_ID_ARCANUM_WINGS
14515;Sultai;CARD_ID_ARCHERS_OF_QARSI
14218;Abzan;CARD_ID_ARCHERS_PARAPET
13662;Nyx;CARD_ID_ARCHETYPE_OF_AGGRESSION
13663;Nyx;CARD_ID_ARCHETYPE_OF_COURAGE
13664;Nyx;CARD_ID_ARCHETYPE_OF_ENDURANCE
13665;Nyx;CARD_ID_ARCHETYPE_OF_FINALITY
13666;Nyx;CARD_ID_ARCHETYPE_OF_IMAGINATION
14516;Sultai;CARD_ID_ARCHFIEND_OF_DEPRAVITY
12650;Azorius;CARD_ID_ARCHON_OF_THE_TRIUMVIRATE
11198;Mirran;CARD_ID_ARC_TRAIL
11415;Mirran;CARD_ID_ARDENT_RECRUIT
11200;Mirran;CARD_ID_ARGENTUM_ARMOR
11560;Mirran;CARD_ID_ARGENT_MUTATION
11199;Mirran;CARD_ID_ARGENT_SPHINX
12652;Selesnya;CARD_ID_ARMADA_WURM
14219;Abzan;CARD_ID_ARMAMENT_CORPS
13112;Gruul;CARD_ID_ARMED_DANGEROUS
13113;Selesnya;CARD_ID_ARMORED_WOLF_RIDER
11561;Mirran;CARD_ID_ARM_WITH_ETHER
4386;Mirran;CARD_ID_ARREST
12884;Boros;CARD_ID_ARROWS_OF_JUSTICE
14220;Mardu;CARD_ID_ARROW_STORM
14846;Ojutai;CARD_ID_ARTFUL_MANEUVER
11562;Phyrexian;CARD_ID_ARTILLERIZE
13114;Azorius;CARD_ID_ASCENDED_LAWMAGE
11201;Mirran;CARD_ID_ASCETICISM
11202;Mirran;CARD_ID_ASSAULT_STROBE
1365;Simic;CARD_ID_ASSAULT_ZEPPELID
12885;Boros;CARD_ID_ASSEMBLE_THE_LEGION
14852;Atarka;CARD_ID_ATARKAS_COMMAND
14848;Atarka;CARD_ID_ATARKA_BEASTBREAKER
14849;Atarka;CARD_ID_ATARKA_EFREET
14850;Atarka;CARD_ID_ATARKA_MONUMENT
14851;Atarka;CARD_ID_ATARKA_PUMMELER
14517;Atarka;CARD_ID_ATARKA_WORLD_RENDER
13845;Nyx;CARD_ID_ATHREOS_GOD_OF_PASSAGE
13846;Nyx;CARD_ID_ATHREOS_GOD_OF_PASSAGE_INCARNATE
12656;Rakdos;CARD_ID_AUGER_SPREE
12887;Boros;CARD_ID_AURELIAS_FURY
12886;Boros;CARD_ID_AURELIA_THE_WARLEADER
11203;Mirran;CARD_ID_AURIOK_EDGEWRIGHT
11204;Mirran;CARD_ID_AURIOK_REPLICA
11205;Mirran;CARD_ID_AURIOK_SUNCHASER
11563;Mirran;CARD_ID_AURIOK_SURVIVORS
7767;Selesnya;CARD_ID_AUTOCHTHON_WURM
14222;Temur;CARD_ID_AVALANCHE_TUSKER
8169;Rakdos;CARD_ID_AVATAR_OF_DISCORD
14853;Dromoka;CARD_ID_AVATAR_OF_THE_RESOLUTE
8889;Timeshift;CARD_ID_AVEN_MINDCENSOR
14518;Jeskai;CARD_ID_AVEN_SKIRMISHER
14854;Ojutai;CARD_ID_AVEN_SUNSTRIKER
14855;Dromoka;CARD_ID_AVEN_TACTICIAN
12660;Azorius;CARD_ID_AZORIUS_ARRESTER
1730;Azorius;CARD_ID_AZORIUS_CHANCERY
12661;Azorius;CARD_ID_AZORIUS_CHARM
13117;Azorius;CARD_ID_AZORIUS_CLUESTONE
8170;Azorius;CARD_ID_AZORIUS_ETHERMAGE
8171;Azorius;CARD_ID_AZORIUS_FIRST_WING
12662;Azorius;CARD_ID_AZORIUS_GUILDGATE
8172;Azorius;CARD_ID_AZORIUS_GUILDMAGE
8173;Azorius;CARD_ID_AZORIUS_HERALD
12663;Azorius;CARD_ID_AZORIUS_JUSTICIAR
12664;Azorius;CARD_ID_AZORIUS_KEYRUNE
8174;Azorius;CARD_ID_AZORIUS_PLOY
1722;Azorius;CARD_ID_AZORIUS_SIGNET
12665;Azorius;CARD_ID_AZORS_ELOCUTORS
13384;Nyx;CARD_ID_BALEFUL_EIDOLON
13385;Nyx;CARD_ID_BALEFUL_EIDOLON_BESTOWED
12889;Dimir;CARD_ID_BANE_ALLEY_BROKER
11416;Phyrexian;CARD_ID_BANISHMENT_DECREE
11206;Mirran;CARD_ID_BARBED_BATTLEGEAR
14224;Temur;CARD_ID_BARRAGE_OF_BOULDERS
11207;Mirran;CARD_ID_BARRAGE_OGRE
8891;Timeshift;CARD_ID_BARU_FIST_OF_KROSA
12890;Orzhov;CARD_ID_BASILICA_GUARDS
12891;Orzhov;CARD_ID_BASILICA_SCREECHER
7769;Boros;CARD_ID_BATHE_IN_LIGHT
13119;Simic;CARD_ID_BATTERING_KRASIS
8022;Gruul;CARD_ID_BATTERING_WURM
11564;Phyrexian;CARD_ID_BATTERSKULL
14522;Abzan;CARD_ID_BATTLEFRONT_KRUSHOK
14521;Mardu;CARD_ID_BATTLE_BRAWLER
14225;Temur;CARD_ID_BEARS_COMPANION
11565;Phyrexian;CARD_ID_BEAST_WITHIN
9741;Orzhov;CARD_ID_BECKON_APPARITION
14226;Sultai;CARD_ID_BECOME_IMMENSE
13121;Simic;CARD_ID_BEETLEFORM_MAGE
8024;Orzhov;CARD_ID_BELFRY_SPIRIT
14227;Mardu;CARD_ID_BELLOWING_SADDLEBRUTE
11208;Mirran;CARD_ID_BELLOWING_TANGLEWURM
14856;Ojutai;CARD_ID_BELLTOLL_DRAGON
8025;Orzhov;CARD_ID_BENEDICTION_OF_MOONS
13389;Nyx;CARD_ID_BIDENT_OF_THASSA
8176;Simic;CARD_ID_BIOMANTIC_MASTERY
12892;Simic;CARD_ID_BIOMASS_MUTATION
12893;Simic;CARD_ID_BIOSHIFT
12894;Simic;CARD_ID_BIOVISIONARY
11566;Phyrexian;CARD_ID_BIRTHING_POD
8892;Timeshift;CARD_ID_BITTER_ORDEAL
11209;Mirran;CARD_ID_BLACKCLEAVE_CLIFFS
11210;Phyrexian;CARD_ID_BLACKCLEAVE_GOBLIN
11417;Phyrexian;CARD_ID_BLACK_SUNS_ZENITH
11212;Mirran;CARD_ID_BLADED_PINIONS
11418;Mirran;CARD_ID_BLADED_SENTINEL
8893;Timeshift;CARD_ID_BLADE_OF_THE_SIXTH_PRIDE
11567;Phyrexian;CARD_ID_BLADE_SPLICER
11211;Mirran;CARD_ID_BLADE_TRIBE_BERSERKERS
13122;Izzet;CARD_ID_BLAST_OF_GENIUS
13123;Boros;CARD_ID_BLAZE_COMMANDO
11213;Mirran;CARD_ID_BLEAK_COVEN_VAMPIRES
14858;Ojutai;CARD_ID_BLESSED_REINCARNATION
11568;Phyrexian;CARD_ID_BLIGHTED_AGENT
11419;Phyrexian;CARD_ID_BLIGHTSTEEL_COLOSSUS
11420;Phyrexian;CARD_ID_BLIGHTWIDOW
11214;Phyrexian;CARD_ID_BLIGHT_MAMBA
11570;Phyrexian;CARD_ID_BLINDING_SOULEATER
8027;Orzhov;CARD_ID_BLIND_HUNTER
12895;Orzhov;CARD_ID_BLIND_OBEDIENCE
8894;Timeshift;CARD_ID_BLIND_PHANTASM
11569;Phyrexian;CARD_ID_BLIND_ZEALOT
12669;Izzet;CARD_ID_BLISTERCOIL_WEIRD
11215;Phyrexian;CARD_ID_BLISTERGRUB
11421;Mirran;CARD_ID_BLISTERSTICK_SHAMAN
7775;Golgari;CARD_ID_BLOODBOND_MARCH
14523;Jeskai;CARD_ID_BLOODFIRE_ENFORCERS
14231;Jeskai;CARD_ID_BLOODFIRE_EXPERT
14232;Jeskai;CARD_ID_BLOODFIRE_MENTOR
12670;Rakdos;CARD_ID_BLOODFRAY_GIANT
7776;Dimir;CARD_ID_BLOODLETTER_QUILL
8028;Gruul;CARD_ID_BLOODSCALE_PROWLER
8895;Mirran;CARD_ID_BLOODSHOT_TRAINEE
8895;Timeshift;CARD_ID_BLOODSHOT_TRAINEE
14233;Mardu;CARD_ID_BLOODSOAKED_CHAMPION
13125;Orzhov;CARD_ID_BLOOD_BARON_OF_VIZKOPA
14859;Kolaghan;CARD_ID_BLOOD_CHIN_FANATIC
14860;Kolaghan;CARD_ID_BLOOD_CHIN_RAGER
1714;Rakdos;CARD_ID_BLOOD_CRYPT
1298;Timeshift;CARD_ID_BLOOD_KNIGHT
11571;Mirran;CARD_ID_BLUDGEON_BRAWL
11422;Mirran;CARD_ID_BLUE_SUNS_ZENITH
11216;Mirran;CARD_ID_BLUNT_THE_ASSAULT
12671;Izzet;CARD_ID_BLUSTERSQUALL
8748;Timeshift;CARD_ID_BOG_SERPENT
8897;Timeshift;CARD_ID_BOLDWYR_INTIMIDATOR
14861;Kolaghan;CARD_ID_BOLTWING_MARAUDER
12896;Boros;CARD_ID_BOMBER_CORPS
8898;Timeshift;CARD_ID_BONDED_FETCH
11217;Mirran;CARD_ID_BONDS_OF_QUICKSILVER
11423;Phyrexian;CARD_ID_BONEHOARD
13392;Nyx;CARD_ID_BOON_SATYR
13393;Nyx;CARD_ID_BOON_SATYR_BESTOWED
8029;Gruul;CARD_ID_BORBORYGMOS
12897;Gruul;CARD_ID_BORBORYGMOS_ENRAGED
13127;Boros;CARD_ID_BOROS_BATTLESHAPER
12898;Boros;CARD_ID_BOROS_CHARM
13128;Boros;CARD_ID_BOROS_CLUESTONE
12899;Boros;CARD_ID_BOROS_ELITE
7777;Boros;CARD_ID_BOROS_FURY_SHIELD
7778;Boros;CARD_ID_BOROS_GARRISON
12900;Boros;CARD_ID_BOROS_GUILDGATE
7779;Boros;CARD_ID_BOROS_GUILDMAGE
12901;Boros;CARD_ID_BOROS_KEYRUNE
13129;Boros;CARD_ID_BOROS_MASTIFF
12902;Boros;CARD_ID_BOROS_RECKONER
7780;Boros;CARD_ID_BOROS_RECRUIT
1718;Boros;CARD_ID_BOROS_SIGNET
7781;Boros;CARD_ID_BOROS_SWIFTBLADE
8899;Timeshift;CARD_ID_BOUND_IN_SILENCE
13396;Nyx;CARD_ID_BOW_OF_NYLEA
7783;Dimir;CARD_ID_BRAINSPOIL
13853;Nyx;CARD_ID_BRAIN_MAGGOT
11424;Mirran;CARD_ID_BRASS_SQUIRE
13131;Simic;CARD_ID_BRED_FOR_THE_HUNT
1715;Simic;CARD_ID_BREEDING_POOL
8900;Timeshift;CARD_ID_BRIDGE_FROM_BELOW
7786;Boros;CARD_ID_BRIGHTFLAME
13132;Selesnya;CARD_ID_BRONZEBEAK_MOA
11572;Phyrexian;CARD_ID_BRUTALIZER_EXARCH
14525;Mardu;CARD_ID_BRUTAL_HORDECHIEF
8752;Timeshift;CARD_ID_BRUTE_FORCE
8030;Gruul;CARD_ID_BURNING_TREE_BLOODSCALE
12903;Gruul;CARD_ID_BURNING_TREE_EMISSARY
8031;Gruul;CARD_ID_BURNING_TREE_SHAMAN
11425;Mirran;CARD_ID_BURN_THE_IMPURE
14239;Mardu;CARD_ID_BUTCHER_OF_THE_HORDE
14526;Abzan;CARD_ID_CACHED_DEFENSES
8183;Rakdos;CARD_ID_CACKLING_FLAMES
11573;Mirran;CARD_ID_CAGED_SUN
8753;Timeshift;CARD_ID_CALCIDERM
12673;Selesnya;CARD_ID_CALL_OF_THE_CONCLAVE
12905;Dimir;CARD_ID_CALL_OF_THE_NIGHTWING
14240;Mardu;CARD_ID_CANYON_LURKERS
11218;Mirran;CARD_ID_CARAPACE_FORGER
11574;Phyrexian;CARD_ID_CARESS_OF_PHYREXIA
13134;Rakdos;CARD_ID_CARNAGE_GLADIATOR
11219;Phyrexian;CARD_ID_CARNIFEX_DEMON
12674;Rakdos;CARD_ID_CARNIVAL_HELLSTEED
11220;Phyrexian;CARD_ID_CARRION_CALL
12906;Orzhov;CARD_ID_CARTEL_ARISTOCRAT
8032;Orzhov;CARD_ID_CASTIGATE
11575;Phyrexian;CARD_ID_CATHEDRAL_MEMBRANE
11426;Phyrexian;CARD_ID_CAUSTIC_HOUND
13401;Nyx;CARD_ID_CAVERN_LAMPAD
13402;Nyx;CARD_ID_CAVERN_LAMPAD_BESTOWED
13403;Nyx;CARD_ID_CELESTIAL_ARCHON
13404;Nyx;CARD_ID_CELESTIAL_ARCHON_BESTOWED
12676;Golgari;CARD_ID_CENTAUR_HEALER
8901;Timeshift;CARD_ID_CENTAUR_OMENREADER
7789;Selesnya;CARD_ID_CENTAUR_SAFEGUARD
14863;Ojutai;CARD_ID_CENTER_SOUL
11221;Mirran;CARD_ID_CEREBRAL_ERUPTION
8034;Izzet;CARD_ID_CEREBRAL_VORTEX
11576;Phyrexian;CARD_ID_CHAINED_THROATSEEKER
14864;Dromoka;CARD_ID_CHAMPION_OF_ARASHIN
11577;Phyrexian;CARD_ID_CHANCELLOR_OF_THE_ANNEX
11579;Phyrexian;CARD_ID_CHANCELLOR_OF_THE_DROSS
11580;Phyrexian;CARD_ID_CHANCELLOR_OF_THE_FORGE
11581;Phyrexian;CARD_ID_CHANCELLOR_OF_THE_SPIRES
11582;Phyrexian;CARD_ID_CHANCELLOR_OF_THE_TANGLE
7791;Selesnya;CARD_ID_CHANT_OF_VITU_GHAZI
12678;Rakdos;CARD_ID_CHAOS_IMPS
12679;Izzet;CARD_ID_CHEMISTERS_TRICK
14241;Mardu;CARD_ID_CHIEF_OF_THE_EDGE
14242;Abzan;CARD_ID_CHIEF_OF_THE_SCALE
11222;Mirran;CARD_ID_CHIMERIC_MASS
11427;Phyrexian;CARD_ID_CHOKING_FUMES
7792;Selesnya;CARD_ID_CHORD_OF_CALLING
7793;Selesnya;CARD_ID_CHORUS_OF_THE_CONCLAVE
13678;Nyx;CARD_ID_CHROMANTICORE
13679;Nyx;CARD_ID_CHROMANTICORE_BESTOWED
11223;Mirran;CARD_ID_CHROME_STEED
14865;Atarka;CARD_ID_CIRCLE_OF_ELDERS
7794;Dimir;CARD_ID_CIRCU_DIMIR_LOBOTOMIST
12907;Gruul;CARD_ID_CLAN_DEFIANCE
7795;Boros;CARD_ID_CLEANSING_BEAM
12908;Simic;CARD_ID_CLINGING_ANEMONES
11224;Mirran;CARD_ID_CLONE_SHELL
12909;Simic;CARD_ID_CLOUDFIN_RAPTOR
7798;Dimir;CARD_ID_CLUTCH_OF_THE_UNDERCITY
12910;Dimir;CARD_ID_COERCED_CONFESSION
8186;Simic;CARD_ID_COILING_ORACLE
12686;Selesnya;CARD_ID_COLLECTIVE_BLESSING
12687;Selesnya;CARD_ID_COMMON_BOND
7803;Selesnya;CARD_ID_CONCLAVES_BLESSING
7801;Selesnya;CARD_ID_CONCLAVE_EQUENAUT
7802;Selesnya;CARD_ID_CONCLAVE_PHALANX
11428;Mirran;CARD_ID_CONCUSSIVE_BOLT
7804;Selesnya;CARD_ID_CONGREGATION_AT_DAWN
8035;Orzhov;CARD_ID_CONJURERS_BAN
11429;Phyrexian;CARD_ID_CONSECRATED_SPHINX
7805;Dimir;CARD_ID_CONSULT_THE_NECROSAGES
12911;Dimir;CARD_ID_CONSUMING_ABERRATION
11225;Phyrexian;CARD_ID_CONTAGION_CLASP
11226;Phyrexian;CARD_ID_CONTAGION_ENGINE
11227;Phyrexian;CARD_ID_CONTAGIOUS_NIM
11430;Mirran;CARD_ID_CONTESTED_WAR_ZONE
11583;Phyrexian;CARD_ID_CONVERSION_CHAMBER
11228;Mirran;CARD_ID_COPPERHORN_SCOUT
11229;Mirran;CARD_ID_COPPERLINE_GORGE
11431;Mirran;CARD_ID_COPPER_CARAPACE
1211;Mirran;CARD_ID_COPPER_MYR
11432;Phyrexian;CARD_ID_CORE_PROWLER
12690;Golgari;CARD_ID_CORPSEJACK_MENACE
11230;Phyrexian;CARD_ID_CORPSE_CUR
11584;Phyrexian;CARD_ID_CORROSIVE_GALE
11433;Phyrexian;CARD_ID_CORRUPTED_CONSCIENCE
11231;Phyrexian;CARD_ID_CORRUPTED_HARVESTER
11585;Phyrexian;CARD_ID_CORRUPTED_RESOLVE
13137;Azorius;CARD_ID_COUNCIL_OF_THE_ABSOLUTE
12691;Izzet;CARD_ID_COUNTERFLUX
12692;Selesnya;CARD_ID_COURSERS_ACCORD
13681;Nyx;CARD_ID_COURSER_OF_KRUPHIX
8188;Azorius;CARD_ID_COURT_HUSSAR
14244;Mardu;CARD_ID_CRACKLING_DOOM
14246;Temur;CARD_ID_CRATERS_CLAWS
14874;Atarka;CARD_ID_CRATER_ELEMENTAL
11434;Phyrexian;CARD_ID_CREEPING_CORROSION
12915;Simic;CARD_ID_CROCANURA
7809;Selesnya;CARD_ID_CROWN_OF_CONVERGENCE
11435;Mirran;CARD_ID_CRUSH
12694;Rakdos;CARD_ID_CRYPTBORN_HORROR
11436;Mirran;CARD_ID_CRYPTOPLASM
8190;Rakdos;CARD_ID_CRYPT_CHAMPION
12917;Orzhov;CARD_ID_CRYPT_GHAST
13861;Nyx;CARD_ID_CRYSTALLINE_NAUTILUS
13862;Nyx;CARD_ID_CRYSTALLINE_NAUTILUS_BESTOWED
8039;Orzhov;CARD_ID_CRYSTAL_SEER
8037;Orzhov;CARD_ID_CRY_OF_CONTRITION
11232;Phyrexian;CARD_ID_CULLING_DAIS
14875;Ojutai;CARD_ID_CUNNING_BREEZEDANCER
12695;Izzet;CARD_ID_CYCLONIC_RIFT
13863;Nyx;CARD_ID_CYCLOPS_OF_ETERNAL_FURY
11233;Phyrexian;CARD_ID_CYSTBEARER
8191;Simic;CARD_ID_CYTOPLAST_MANIPULATOR
8192;Simic;CARD_ID_CYTOPLAST_ROOT_KIN
8193;Simic;CARD_ID_CYTOSHAPE
8194;Simic;CARD_ID_CYTOSPAWN_SHAMBLER
14534;Abzan;CARD_ID_DAGHATAR_THE_ADAMANT
1275;Timeshift;CARD_ID_DAMNATION
12918;Boros;CARD_ID_DARING_SKYJEK
7812;Golgari;CARD_ID_DARKBLAST
11234;Phyrexian;CARD_ID_DARKSLICK_DRAKE
11235;Mirran;CARD_ID_DARKSLICK_SHORES
11236;Mirran;CARD_ID_DARKSTEEL_AXE
8911;Timeshift;CARD_ID_DARKSTEEL_GARRISON
11237;Mirran;CARD_ID_DARKSTEEL_JUGGERNAUT
11238;Mirran;CARD_ID_DARKSTEEL_MYR
11437;Mirran;CARD_ID_DARKSTEEL_PLATE
11586;Mirran;CARD_ID_DARKSTEEL_RELIC
11239;Mirran;CARD_ID_DARKSTEEL_SENTINEL
298;Golgari;CARD_ID_DARK_HEART_OF_THE_WOOD
8912;Timeshift;CARD_ID_DAYBREAK_CORONET
14247;Abzan;CARD_ID_DAZZLING_RAMPARTS
13139;Golgari;CARD_ID_DEADBRIDGE_CHANT
12699;Golgari;CARD_ID_DEADBRIDGE_GOLIATH
14248;Sultai;CARD_ID_DEAD_DROP
12698;Rakdos;CARD_ID_DEAD_REVELER
14880;Silumgar;CARD_ID_DEATHBRINGER_REGENT
12919;Dimir;CARD_ID_DEATHCULT_ROGUE
12920;Orzhov;CARD_ID_DEATHPACT_ANGEL
12700;Golgari;CARD_ID_DEATHRITE_SHAMAN
14249;Sultai;CARD_ID_DEATH_FRENZY
11587;Phyrexian;CARD_ID_DEATH_HOOD_COBRA
8913;Timeshift;CARD_ID_DEATH_RATTLE
8042;Dimir;CARD_ID_DEBTORS_KNELL
13140;Orzhov;CARD_ID_DEBT_TO_THE_DEATHLESS
11588;Phyrexian;CARD_ID_DECEIVER_EXARCH
11438;Phyrexian;CARD_ID_DECIMATOR_WEB
8914;Timeshift;CARD_ID_DEEPCAVERN_IMP
11589;Mirran;CARD_ID_DEFENSIVE_STANCE
11590;Phyrexian;CARD_ID_DEMENTIA_BAT
8197;Rakdos;CARD_ID_DEMONFIRE
8196;Rakdos;CARD_ID_DEMONS_JESTER
14883;Atarka;CARD_ID_DEN_PROTECTOR
13141;Azorius;CARD_ID_DEPUTY_OF_ACQUITTALS
11591;Phyrexian;CARD_ID_DESPISE
14537;Atarka;CARD_ID_DESTRUCTOR_DRAGON
12704;Azorius;CARD_ID_DETENTION_SPHERE
12705;Rakdos;CARD_ID_DEVIANT_GLEE
7813;Selesnya;CARD_ID_DEVOURING_LIGHT
14253;Sultai;CARD_ID_DIG_THROUGH_TIME
1727;Dimir;CARD_ID_DIMIR_AQUEDUCT
12925;Dimir;CARD_ID_DIMIR_CHARM
13142;Dimir;CARD_ID_DIMIR_CLUESTONE
7814;Dimir;CARD_ID_DIMIR_CUTPURSE
7815;Dimir;CARD_ID_DIMIR_DOPPELGANGER
12926;Dimir;CARD_ID_DIMIR_GUILDGATE
7816;Dimir;CARD_ID_DIMIR_GUILDMAGE
7817;Dimir;CARD_ID_DIMIR_HOUSE_GUARD
7818;Dimir;CARD_ID_DIMIR_INFILTRATOR
12927;Dimir;CARD_ID_DIMIR_KEYRUNE
7819;Dimir;CARD_ID_DIMIR_MACHINATIONS
1719;Dimir;CARD_ID_DIMIR_SIGNET
12928;Dimir;CARD_ID_DINROVA_HORROR
12929;Gruul;CARD_ID_DISCIPLE_OF_THE_OLD_WAYS
11592;Phyrexian;CARD_ID_DISMEMBER
14256;Abzan;CARD_ID_DISOWNED_ANCESTOR
11593;Mirran;CARD_ID_DISPATCH
11240;Mirran;CARD_ID_DISPENSE_JUSTICE
9344;Mirran;CARD_ID_DISPERSE
11241;Mirran;CARD_ID_DISSIPATION_FIELD
11439;Phyrexian;CARD_ID_DISTANT_MEMORIES
615;Mirran;CARD_ID_DIVINE_OFFERING
7822;Dimir;CARD_ID_DIZZY_SPELL
8043;Izzet;CARD_ID_DJINN_ILLUMINATUS
13877;Nyx;CARD_ID_DOOMWAKE_GIANT
8198;Azorius;CARD_ID_DOVESCAPE
12707;Izzet;CARD_ID_DOWNSIZE
13143;Golgari;CARD_ID_DOWN_DIRTY
14887;Atarka;CARD_ID_DRACONIC_ROAR
14900;Atarka;CARD_ID_DRAGONLORDS_SERVANT
14894;Atarka;CARD_ID_DRAGONLORD_ATARKA
14895;Dromoka;CARD_ID_DRAGONLORD_DROMOKA
14896;Kolaghan;CARD_ID_DRAGONLORD_KOLAGHAN
14897;Ojutai;CARD_ID_DRAGONLORD_OJUTAI
14898;Silumgar;CARD_ID_DRAGONLORD_SILUMGAR
14541;Abzan;CARD_ID_DRAGONSCALE_GENERAL
13144;Izzet;CARD_ID_DRAGONSHIFT
14259;Jeskai;CARD_ID_DRAGONS_EYE_SAVANTS
14891;Ojutai;CARD_ID_DRAGONS_EYE_SENTRY
14539;Jeskai;CARD_ID_DRAGON_BELL_MONK
14257;Temur;CARD_ID_DRAGON_GRIP
14888;Dromoka;CARD_ID_DRAGON_HUNTER
14892;Atarka;CARD_ID_DRAGON_SCARRED_BEAR
14261;Jeskai;CARD_ID_DRAGON_STYLE_TWINS
14890;Atarka;CARD_ID_DRAGON_WHISPERER
12932;Simic;CARD_ID_DRAKEWING_KRASIS
12709;Azorius;CARD_ID_DRAMATIC_RESCUE
12710;Rakdos;CARD_ID_DREADBORE
13878;Nyx;CARD_ID_DREADBRINGER_LAMPADS
8199;Rakdos;CARD_ID_DREAD_SLAG
12711;Golgari;CARD_ID_DREG_MANGLER
7828;Dimir;CARD_ID_DRIFT_OF_PHANTASMS
14905;Dromoka;CARD_ID_DROMOKAS_COMMAND
14906;Dromoka;CARD_ID_DROMOKAS_GIFT
14901;Dromoka;CARD_ID_DROMOKA_CAPTAIN
14902;Dromoka;CARD_ID_DROMOKA_DUNECASTER
14903;Dromoka;CARD_ID_DROMOKA_MONUMENT
14542;Dromoka;CARD_ID_DROMOKA_THE_ETERNAL
14904;Dromoka;CARD_ID_DROMOKA_WARRIOR
7830;Golgari;CARD_ID_DROOLING_GROODION
11242;Phyrexian;CARD_ID_DROSS_HOPPER
11440;Phyrexian;CARD_ID_DROSS_RIPPER
13145;Golgari;CARD_ID_DROWN_IN_FILTH
12712;Golgari;CARD_ID_DRUDGE_BEETLE
12713;Selesnya;CARD_ID_DRUIDS_DELIVERANCE
7831;Selesnya;CARD_ID_DRYADS_CARESS
8916;Timeshift;CARD_ID_DRYAD_ARBOR
12714;Selesnya;CARD_ID_DRYAD_MILITANT
11594;Phyrexian;CARD_ID_DUE_RESPECT
14262;Abzan;CARD_ID_DUNEBLAST
8771;Timeshift;CARD_ID_DUNERIDER_OUTLAW
12933;Dimir;CARD_ID_DUSKMANTLE_GUILDMAGE
7832;Dimir;CARD_ID_DUSKMANTLE_HOUSE_OF_SHADOW
12934;Dimir;CARD_ID_DUSKMANTLE_SEER
14907;Silumgar;CARD_ID_DUTIFUL_ATTENDANT
12935;Orzhov;CARD_ID_DUTIFUL_THRULL
12715;Izzet;CARD_ID_DYNACHARGE
14908;Dromoka;CARD_ID_ECHOES_OF_THE_KIN_TREE
11243;Mirran;CARD_ID_ECHO_CIRCLET
8918;Timeshift;CARD_ID_EDGE_OF_AUTUMN
14264;Jeskai;CARD_ID_EFREET_WEAPONMASTER
13880;Nyx;CARD_ID_EIDOLON_OF_BLOSSOMS
13689;Nyx;CARD_ID_EIDOLON_OF_COUNTLESS_BATTLES
13690;Nyx;CARD_ID_EIDOLON_OF_COUNTLESS_BATTLES_BESTOWED
13881;Nyx;CARD_ID_EIDOLON_OF_RHETORIC
13882;Nyx;CARD_ID_EIDOLON_OF_THE_GREAT_REVEL
12716;Izzet;CARD_ID_ELECTRICKERY
1552;Izzet;CARD_ID_ELECTROLYZE
11595;Phyrexian;CARD_ID_ELESH_NORN_GRAND_CENOBITE
14543;Abzan;CARD_ID_ELITE_SCALEGUARD
12937;Simic;CARD_ID_ELUSIVE_KRASIS
14909;Ojutai;CARD_ID_ELUSIVE_SPELLFIST
313;Golgari;CARD_ID_ELVES_OF_DEEP_SHADOW
11245;Mirran;CARD_ID_EMBERSMITH
8920;Timeshift;CARD_ID_EMBLEM_OF_THE_WARMIND
14265;Temur;CARD_ID_EMBODIMENT_OF_SPRING
13146;Selesnya;CARD_ID_EMMARA_TANDRIS
14266;Sultai;CARD_ID_EMPTY_THE_PITS
14911;Dromoka;CARD_ID_ENDURING_SCALELORD
14912;Dromoka;CARD_ID_ENDURING_VICTORY
11246;Mirran;CARD_ID_ENGULFING_SLAGWURM
8774;Phyrexian;CARD_ID_ENSLAVE
11596;Phyrexian;CARD_ID_ENTOMBER_EXARCH
13692;Nyx;CARD_ID_EPHARA_GOD_OF_THE_POLIS
13693;Nyx;CARD_ID_EPHARA_GOD_OF_THE_POLIS_INCARNATE
12717;Izzet;CARD_ID_EPIC_EXPERIMENT
13432;Nyx;CARD_ID_EREBOSS_EMISSARY
13433;Nyx;CARD_ID_EREBOSS_EMISSARY_BESTOWED
13430;Nyx;CARD_ID_EREBOS_GOD_OF_THE_DEAD
13431;Nyx;CARD_ID_EREBOS_GOD_OF_THE_DEAD_INCARNATE
12718;Izzet;CARD_ID_ESSENCE_BACKLASH
8776;Timeshift;CARD_ID_ESSENCE_WARDEN
11247;Mirran;CARD_ID_ETCHED_CHAMPION
11597;Phyrexian;CARD_ID_ETCHED_MONSTROSITY
7835;Dimir;CARD_ID_ETHEREAL_USHER
8167;Azorius;CARD_ID_ETHERMAGES_TOUCH
13698;Nyx;CARD_ID_EVERFLAME_EIDOLON
13699;Nyx;CARD_ID_EVERFLAME_EIDOLON_BESTOWED
77;Phyrexian;CARD_ID_EVIL_PRESENCE
8205;Simic;CARD_ID_EVOLUTION_VAT
13147;Rakdos;CARD_ID_EXAVA_RAKDOS_BLOOD_WITCH
11598;Phyrexian;CARD_ID_EXCLUSION_RITUAL
12939;Dimir;CARD_ID_EXECUTIONERS_SWING
8049;Orzhov;CARD_ID_EXHUMER_THRULL
8206;Simic;CARD_ID_EXPERIMENT_KRAJ
12940;Simic;CARD_ID_EXPERIMENT_ONE
11248;Mirran;CARD_ID_EXSANGUINATE
12721;Selesnya;CARD_ID_EYES_IN_THE_SKIES
11249;Mirran;CARD_ID_EZURIS_ARCHERS
11250;Mirran;CARD_ID_EZURIS_BRIGADE
11251;Mirran;CARD_ID_EZURI_RENEGADE_LEADER
8779;Timeshift;CARD_ID_FAADIYAH_SEER
11599;Phyrexian;CARD_ID_FALLEN_FERROMANCER
12723;Azorius;CARD_ID_FALL_OF_THE_GAVEL
11441;Mirran;CARD_ID_FANGREN_MARAUDER
13115;Dimir;CARD_ID_FAR_AWAY
13704;Nyx;CARD_ID_FATE_UNRAVELER
12941;Simic;CARD_ID_FATHOM_MAGE
14269;Temur;CARD_ID_FEED_THE_CLAN
8051;Gruul;CARD_ID_FERAL_ANIMIST
11252;Mirran;CARD_ID_FERROVORE
12942;Boros;CARD_ID_FIREFIST_STRIKER
14270;Mardu;CARD_ID_FIREHOOF_CAVALRY
7841;Boros;CARD_ID_FIREMANE_ANGEL
12943;Boros;CARD_ID_FIREMANE_AVENGER
12725;Izzet;CARD_ID_FIREMINDS_FORESIGHT
11253;Mirran;CARD_ID_FLAMEBORN_HELLION
11600;Phyrexian;CARD_ID_FLAMEBORN_VIRON
14550;Mardu;CARD_ID_FLAMERUSH_RIDER
14551;Temur;CARD_ID_FLAMEWAKE_PHOENIX
7844;Boros;CARD_ID_FLAME_KIN_ZEALOT
7845;Boros;CARD_ID_FLASH_CONSCRIPTION
11442;Phyrexian;CARD_ID_FLAYER_HUSK
11443;Phyrexian;CARD_ID_FLENSERMITE
8925;Timeshift;CARD_ID_FLESHWRITHER
11254;Phyrexian;CARD_ID_FLESH_ALLERGY
11444;Phyrexian;CARD_ID_FLESH_EATER_IMP
11255;Mirran;CARD_ID_FLIGHT_SPELLBOMB
13714;Nyx;CARD_ID_FLITTERSTEP_EIDOLON
13715;Nyx;CARD_ID_FLITTERSTEP_EIDOLON_BESTOWED
8926;Timeshift;CARD_ID_FLOWSTONE_EMBRACE
13149;Izzet;CARD_ID_FLUXCHARGER
14271;Jeskai;CARD_ID_FLYING_CRANE_TECHNIQUE
14916;Atarka;CARD_ID_FOE_RAZER_REGENT
8927;Timeshift;CARD_ID_FOMORI_NOMAD
11601;Phyrexian;CARD_ID_FORCED_WORSHIP
14272;Temur;CARD_ID_FORCE_AWAY
13894;Nyx;CARD_ID_FORGEBORN_OREADS
12946;Boros;CARD_ID_FORTRESS_CYCLOPS
14918;Kolaghan;CARD_ID_FOUL_TONGUE_INVOCATION
12947;Boros;CARD_ID_FOUNDRY_CHAMPION
11445;Mirran;CARD_ID_FRANTIC_SALVAGE
5002;Gruul;CARD_ID_FRENZIED_TILLING
8930;Timeshift;CARD_ID_FRENZY_SLIVER
11602;Phyrexian;CARD_ID_FRESH_MEAT
12949;Simic;CARD_ID_FRILLED_OCULUS
14273;Temur;CARD_ID_FRONTIER_BIVOUAC
14554;Temur;CARD_ID_FRONTIER_MASTODON
12950;Boros;CARD_ID_FRONTLINE_MEDIC
12726;Izzet;CARD_ID_FROSTBURN_WEIRD
14556;Temur;CARD_ID_FROST_WALKER
1740;Timeshift;CARD_ID_FROZEN_ETHER
11446;Phyrexian;CARD_ID_FUEL_FOR_THE_CAUSE
11256;Mirran;CARD_ID_FULGENT_DISTRACTION
11257;Phyrexian;CARD_ID_FUME_SPITTER
11258;Mirran;CARD_ID_FURNACE_CELEBRATION
11603;Phyrexian;CARD_ID_FURNACE_SCAMP
1371;Timeshift;CARD_ID_GAEAS_ANTHEM
11259;Mirran;CARD_ID_GALVANIC_BLAST
11447;Mirran;CARD_ID_GALVANOTH
7853;Selesnya;CARD_ID_GATHER_COURAGE
13150;Golgari;CARD_ID_GAZE_OF_GRANITE
7854;Golgari;CARD_ID_GAZE_OF_THE_GORGON
8054;Izzet;CARD_ID_GELECTRODE
11260;Mirran;CARD_ID_GENESIS_WAVE
11604;Mirran;CARD_ID_GEOSURGE
11605;Phyrexian;CARD_ID_GETHS_VERDICT
11261;Phyrexian;CARD_ID_GETH_LORD_OF_THE_VAULT
11262;Mirran;CARD_ID_GHALMAS_WARDEN
8055;Gruul;CARD_ID_GHOR_CLAN_BLOODSCALE
12953;Gruul;CARD_ID_GHOR_CLAN_RAMPAGER
8056;Gruul;CARD_ID_GHOR_CLAN_SAVAGE
13720;Nyx;CARD_ID_GHOSTBLADE_EIDOLON
13721;Nyx;CARD_ID_GHOSTBLADE_EIDOLON_BESTOWED
1276;Timeshift;CARD_ID_GHOSTFIRE
8057;Orzhov;CARD_ID_GHOST_COUNCIL_OF_ORZHOVA
8059;Gruul;CARD_ID_GIANT_SOLIFUGE
12957;Orzhov;CARD_ID_GIFT_OF_ORZHOVA
8060;Izzet;CARD_ID_GIGADROWSE
11606;Phyrexian;CARD_ID_GITAXIAN_PROBE
13151;Simic;CARD_ID_GIVE_TAKE
14275;Temur;CARD_ID_GLACIAL_STALKER
14921;Atarka;CARD_ID_GLADE_WATCHER
7856;Selesnya;CARD_ID_GLARE_OF_SUBDUAL
14923;Dromoka;CARD_ID_GLEAM_OF_AUTHORITY
13152;Boros;CARD_ID_GLEAM_OF_BATTLE
7858;Golgari;CARD_ID_GLEANCRAWLER
11263;Mirran;CARD_ID_GLIMMERPOINT_STAG
11264;Mirran;CARD_ID_GLIMMERPOST
1566;Dimir;CARD_ID_GLIMPSE_THE_UNTHINKABLE
11265;Mirran;CARD_ID_GLINT_HAWK
11266;Mirran;CARD_ID_GLINT_HAWK_IDOL
11448;Phyrexian;CARD_ID_GLISSAS_COURIER
11607;Phyrexian;CARD_ID_GLISSAS_SCORN
11449;Phyrexian;CARD_ID_GLISSA_THE_TRAITOR
11608;Phyrexian;CARD_ID_GLISTENER_ELF
11609;Phyrexian;CARD_ID_GLISTENING_OIL
13896;Nyx;CARD_ID_GNARLED_SCARHIDE
13897;Nyx;CARD_ID_GNARLED_SCARHIDE_BESTOWED
11450;Mirran;CARD_ID_GNATHOSAUR
8214;Rakdos;CARD_ID_GOBHOBBLER_RATS
12729;Izzet;CARD_ID_GOBLIN_ELECTROMANCER
8062;Izzet;CARD_ID_GOBLIN_FLECTOMANCER
11267;Mirran;CARD_ID_GOBLIN_GAVELEER
14560;Mardu;CARD_ID_GOBLIN_HEELCUTTER
13153;Izzet;CARD_ID_GOBLIN_TEST_PILOT
11452;Mirran;CARD_ID_GOBLIN_WARDRIVER
1711;Orzhov;CARD_ID_GODLESS_SHRINE
13901;Nyx;CARD_ID_GOLDENHIDE_OX
11268;Mirran;CARD_ID_GOLDEN_URN
8935;Timeshift;CARD_ID_GOLDMEADOW_LOOKOUT
1213;Mirran;CARD_ID_GOLD_MYR
11271;Mirran;CARD_ID_GOLEMS_HEART
11269;Mirran;CARD_ID_GOLEM_ARTISAN
11270;Mirran;CARD_ID_GOLEM_FOUNDRY
7860;Golgari;CARD_ID_GOLGARI_BROWNSCALE
12731;Golgari;CARD_ID_GOLGARI_CHARM
13154;Golgari;CARD_ID_GOLGARI_CLUESTONE
12732;Golgari;CARD_ID_GOLGARI_DECOY
7861;Golgari;CARD_ID_GOLGARI_GERMINATION
7862;Golgari;CARD_ID_GOLGARI_GRAVE_TROLL
12733;Golgari;CARD_ID_GOLGARI_GUILDGATE
7863;Golgari;CARD_ID_GOLGARI_GUILDMAGE
12734;Golgari;CARD_ID_GOLGARI_KEYRUNE
12735;Golgari;CARD_ID_GOLGARI_LONGLEGS
7864;Golgari;CARD_ID_GOLGARI_ROTWURM
1726;Golgari;CARD_ID_GOLGARI_ROT_FARM
1717;Golgari;CARD_ID_GOLGARI_SIGNET
7865;Golgari;CARD_ID_GOLGARI_THUG
12736;Rakdos;CARD_ID_GORE_HOUSE_CHAINWALKER
11453;Phyrexian;CARD_ID_GORE_VASSAL
8787;Timeshift;CARD_ID_GOSSAMER_PHANTASM
8215;Azorius;CARD_ID_GOVERN_THE_GUILDLESS
11451;Mirran;CARD_ID_GO_FOR_THE_THROAT
14925;Ojutai;CARD_ID_GRACEBLADE_ARTISAN
11272;Phyrexian;CARD_ID_GRAFTED_EXOSKELETON
8216;Azorius;CARD_ID_GRAND_ARBITER_AUGUSTIN_IV
11273;Mirran;CARD_ID_GRAND_ARCHITECT
11274;Mirran;CARD_ID_GRASP_OF_DARKNESS
8938;Timeshift;CARD_ID_GRAVEN_CAIRNS
8063;Orzhov;CARD_ID_GRAVEN_DOMINATOR
8937;Timeshift;CARD_ID_GRAVE_SCRABBLER
7867;Golgari;CARD_ID_GRAVE_SHELL_SCARAB
7870;Golgari;CARD_ID_GREATER_MOSSDOG
14926;Ojutai;CARD_ID_GREAT_TEACHERS_DECREE
11610;Mirran;CARD_ID_GREENHILT_TRAINEE
11454;Phyrexian;CARD_ID_GREEN_SUNS_ZENITH
11611;Phyrexian;CARD_ID_GREMLIN_MINE
11612;Phyrexian;CARD_ID_GRIM_AFFLICTION
13903;Nyx;CARD_ID_GRIM_GUARDIAN
14277;Sultai;CARD_ID_GRIM_HARUSPEX
12738;Rakdos;CARD_ID_GRIM_ROUSTABOUT
11275;Mirran;CARD_ID_GRINDCLOCK
8939;Timeshift;CARD_ID_GRINNING_IGNUS
12739;Golgari;CARD_ID_GRISLY_SALVAGE
8064;Gruul;CARD_ID_GRISTLEBACK
1241;Timeshift;CARD_ID_GROUNDBREAKER
12962;Gruul;CARD_ID_GROUND_ASSAULT
8940;Timeshift;CARD_ID_GROVE_OF_THE_BURNWILLOWS
12740;Selesnya;CARD_ID_GROVE_OF_THE_GUARDIAN
12741;Selesnya;CARD_ID_GROWING_RANKS
7872;Dimir;CARD_ID_GROZOTH
11455;Phyrexian;CARD_ID_GRUESOME_ENCORE
12963;Gruul;CARD_ID_GRUUL_CHARM
13155;Gruul;CARD_ID_GRUUL_CLUESTONE
12964;Gruul;CARD_ID_GRUUL_GUILDGATE
8065;Gruul;CARD_ID_GRUUL_GUILDMAGE
12965;Gruul;CARD_ID_GRUUL_KEYRUNE
8066;Gruul;CARD_ID_GRUUL_NODOROG
12966;Gruul;CARD_ID_GRUUL_RAGEBEAST
8067;Gruul;CARD_ID_GRUUL_SCRAPPER
1720;Gruul;CARD_ID_GRUUL_SIGNET
1728;Gruul;CARD_ID_GRUUL_TURF
13156;Gruul;CARD_ID_GRUUL_WAR_CHANT
8068;Gruul;CARD_ID_GRUUL_WAR_PLOW
7873;Selesnya;CARD_ID_GUARDIAN_OF_VITU_GHAZI
14927;Dromoka;CARD_ID_GUARDIAN_SHIELD_BEARER
14565;Sultai;CARD_ID_GURMAG_ANGLER
14929;Silumgar;CARD_ID_GURMAG_DROWNER
11456;Mirran;CARD_ID_GUST_SKIMMER
11613;Phyrexian;CARD_ID_GUT_SHOT
12970;Simic;CARD_ID_GYRE_SAGE
1713;Azorius;CARD_ID_HALLOWED_FOUNTAIN
11276;Mirran;CARD_ID_HALT_ORDER
13453;Nyx;CARD_ID_HAMMER_OF_PURPHOROS
12971;Dimir;CARD_ID_HANDS_OF_BINDING
14930;Silumgar;CARD_ID_HAND_OF_SILUMGAR
11277;Phyrexian;CARD_ID_HAND_OF_THE_PRAETORS
14931;Atarka;CARD_ID_HARBINGER_OF_THE_HUNT
14932;Atarka;CARD_ID_HARDENED_BERSERKER
14279;Abzan;CARD_ID_HARDENED_SCALES
1243;Timeshift;CARD_ID_HARMONIZE
13906;Nyx;CARD_ID_HARVESTGUARD_ALSEIDS
13158;Dimir;CARD_ID_HAUNTER_OF_NIGHTVEIL
12744;Rakdos;CARD_ID_HAVOC_FESTIVAL
8789;Timeshift;CARD_ID_HEALING_LEAVES
11278;Mirran;CARD_ID_HEAVY_ARBALEST
8790;Timeshift;CARD_ID_HEDGE_TROLL
14281;Temur;CARD_ID_HEIR_OF_THE_WILDS
13456;Nyx;CARD_ID_HELIODS_EMISSARY
13457;Nyx;CARD_ID_HELIODS_EMISSARY_BESTOWED
13454;Nyx;CARD_ID_HELIOD_GOD_OF_THE_SUN
13455;Nyx;CARD_ID_HELIOD_GOD_OF_THE_SUN_INCARNATE
8220;Simic;CARD_ID_HELIUM_SQUIRTER
12745;Rakdos;CARD_ID_HELLHOLE_FLAILER
8221;Rakdos;CARD_ID_HELLHOLE_RATS
11457;Mirran;CARD_ID_HELLKITE_IGNITER
8943;Timeshift;CARD_ID_HENCHFIEND_OF_UKOR
14282;Abzan;CARD_ID_HERALD_OF_ANAFENZA
14935;Dromoka;CARD_ID_HERALD_OF_DROMOKA
13730;Nyx;CARD_ID_HERALD_OF_TORMENT
13731;Nyx;CARD_ID_HERALD_OF_TORMENT_BESTOWED
14936;Atarka;CARD_ID_HERDCHASER_DRAGON
5012;Selesnya;CARD_ID_HEROES_REUNION
11458;Mirran;CARD_ID_HERO_OF_BLADEHOLD
11459;Mirran;CARD_ID_HERO_OF_OXID_RIDGE
11460;Mirran;CARD_ID_HEXPLATE_GOLEM
11614;Phyrexian;CARD_ID_HEX_PARASITE
14937;Dromoka;CARD_ID_HIDDEN_DRAGONSLAYER
13159;Dimir;CARD_ID_HIDDEN_STRINGS
14285;Jeskai;CARD_ID_HIGHSPIRE_MANTIS
12974;Orzhov;CARD_ID_HIGH_PRIEST_OF_PENANCE
14283;Abzan;CARD_ID_HIGH_SENTINELS_OF_ARASHIN
11279;Mirran;CARD_ID_HOARD_SMELTER_DRAGON
8944;Timeshift;CARD_ID_HOMING_SLIVER
14569;Abzan;CARD_ID_HONORS_REWARD
14286;Sultai;CARD_ID_HOODED_HYDRA
14287;Sultai;CARD_ID_HOOTING_MANDRILLS
13459;Nyx;CARD_ID_HOPEFUL_EIDOLON
13460;Nyx;CARD_ID_HOPEFUL_EIDOLON_BESTOWED
14288;Mardu;CARD_ID_HORDE_AMBUSHER
8945;Timeshift;CARD_ID_HORIZON_CANOPY
11280;Mirran;CARD_ID_HORIZON_SPELLBOMB
12746;Selesnya;CARD_ID_HORNCALLERS_CHANT
11461;Phyrexian;CARD_ID_HORRIFYING_REVELATION
12979;Dimir;CARD_ID_HORROR_OF_THE_DIM
7878;Selesnya;CARD_ID_HOUR_OF_RECKONING
11615;Mirran;CARD_ID_HOVERMYR
14290;Mardu;CARD_ID_HOWL_OF_THE_HORDE
13910;Nyx;CARD_ID_HUMBLER_OF_MORTALS
14571;Jeskai;CARD_ID_HUMBLE_DEFECTOR
14572;Temur;CARD_ID_HUNGERING_YETI
12748;Azorius;CARD_ID_HUSSAR_PATROL
12980;Simic;CARD_ID_HYDROFORM
12749;Izzet;CARD_ID_HYPERSONIC_DRAGON
8073;Izzet;CARD_ID_HYPERVOLT_GRASP
13912;Nyx;CARD_ID_HYPNOTIC_SIREN
13913;Nyx;CARD_ID_HYPNOTIC_SIREN_BESTOWED
14938;Ojutai;CARD_ID_ICEFALL_REGENT
14291;Temur;CARD_ID_ICEFEATHER_AVEN
11282;Phyrexian;CARD_ID_ICHORCLAW_MYR
11616;Phyrexian;CARD_ID_ICHOR_EXPLOSION
11281;Phyrexian;CARD_ID_ICHOR_RATS
11462;Phyrexian;CARD_ID_ICHOR_WELLSPRING
14292;Temur;CARD_ID_ICY_BLAST
11617;Phyrexian;CARD_ID_IMMOLATING_SOULEATER
12983;Orzhov;CARD_ID_IMMORTAL_SERVITUDE
11618;Phyrexian;CARD_ID_IMPALER_SHRIKE
8947;Timeshift;CARD_ID_IMPERIAL_MASK
8948;Timeshift;CARD_ID_IMPERIOSAUR
12750;Azorius;CARD_ID_INACTION_INJUNCTION
7884;Boros;CARD_ID_INCITE_HYSTERIA
11283;Mirran;CARD_ID_INDOMITABLE_ARCHANGEL
7886;Dimir;CARD_ID_INDUCE_PARANOIA
11284;Phyrexian;CARD_ID_INEXORABLE_TIDE
8225;Rakdos;CARD_ID_INFERNAL_TUTOR
11285;Mirran;CARD_ID_INFILTRATION_LENS
11463;Phyrexian;CARD_ID_INKMOTH_NEXUS
11619;Phyrexian;CARD_ID_INQUISITOR_EXARCH
11620;Phyrexian;CARD_ID_INSATIABLE_SOULEATER
14941;Dromoka;CARD_ID_INSPIRING_CALL
11286;Phyrexian;CARD_ID_INSTILL_INFECTION
11465;Phyrexian;CARD_ID_INTO_THE_CORE
11621;Phyrexian;CARD_ID_INVADER_PARASITE
8076;Izzet;CARD_ID_INVOKE_THE_FIREMIND
14942;Kolaghan;CARD_ID_IRE_SHAMAN
13915;Nyx;CARD_ID_IROAS_GOD_OF_VICTORY
13916;Nyx;CARD_ID_IROAS_GOD_OF_VICTORY_INCARNATE
1212;Mirran;CARD_ID_IRON_MYR
11622;Phyrexian;CARD_ID_ISOLATION_CELL
12752;Azorius;CARD_ID_ISPERIAS_SKYWATCH
12751;Azorius;CARD_ID_ISPERIA_SUPREME_JUDGE
8226;Azorius;CARD_ID_ISPERIA_THE_INSCRUTABLE
14293;Abzan;CARD_ID_IVORYTUSK_FORTRESS
1729;Izzet;CARD_ID_IZZET_BOILERWORKS
12753;Izzet;CARD_ID_IZZET_CHARM
8077;Izzet;CARD_ID_IZZET_CHRONARCH
13161;Izzet;CARD_ID_IZZET_CLUESTONE
12754;Izzet;CARD_ID_IZZET_GUILDGATE
8078;Izzet;CARD_ID_IZZET_GUILDMAGE
12755;Izzet;CARD_ID_IZZET_KEYRUNE
1550;Izzet;CARD_ID_IZZET_SIGNET
12756;Izzet;CARD_ID_IZZET_STATICASTER
8227;Rakdos;CARD_ID_JAGGED_POPPET
12759;Golgari;CARD_ID_JARADS_ORDERS
12758;Golgari;CARD_ID_JARAD_GOLGARI_LICH_LORD
14294;Mardu;CARD_ID_JEERING_INSTIGATOR
13162;Azorius;CARD_ID_JELENN_SPHINX
14295;Jeskai;CARD_ID_JESKAI_ASCENDANCY
14296;Jeskai;CARD_ID_JESKAI_BANNER
14573;Jeskai;CARD_ID_JESKAI_BARRICADE
14297;Jeskai;CARD_ID_JESKAI_CHARM
14298;Jeskai;CARD_ID_JESKAI_ELDER
14574;Jeskai;CARD_ID_JESKAI_INFILTRATOR
14575;Jeskai;CARD_ID_JESKAI_RUNEMARK
14576;Jeskai;CARD_ID_JESKAI_SAGE
14299;Jeskai;CARD_ID_JESKAI_STUDENT
14300;Jeskai;CARD_ID_JESKAI_WINDSCOUT
11623;Phyrexian;CARD_ID_JIN_GITAXIAS_CORE_AUGUR
11624;Mirran;CARD_ID_JOR_KADEEN_THE_PREVAILER
12760;Azorius;CARD_ID_JUDGES_FAMILIAR
13738;Nyx;CARD_ID_KARAMETRA_GOD_OF_HARVESTS
13739;Nyx;CARD_ID_KARAMETRA_GOD_OF_HARVESTS_INCARNATE
1309;Timeshift;CARD_ID_KEEN_SENSE
11466;Mirran;CARD_ID_KEMBAS_LEGION
11287;Mirran;CARD_ID_KEMBAS_SKYGUARD
11288;Mirran;CARD_ID_KEMBA_KHA_REGENT
13917;Nyx;CARD_ID_KERANOS_GOD_OF_STORMS
13918;Nyx;CARD_ID_KERANOS_GOD_OF_STORMS_INCARNATE
14302;Sultai;CARD_ID_KHERU_BLOODSUCKER
14303;Sultai;CARD_ID_KHERU_DREADMAW
14304;Sultai;CARD_ID_KHERU_LICH_LORD
14305;Sultai;CARD_ID_KHERU_SPELLSNATCHER
8079;Gruul;CARD_ID_KILLER_INSTINCT
8228;Rakdos;CARD_ID_KILL_SUIT_CULTIST
11626;Phyrexian;CARD_ID_KILN_WALKER
12988;Orzhov;CARD_ID_KINGPINS_PET
14308;Abzan;CARD_ID_KIN_TREE_WARDEN
12989;Orzhov;CARD_ID_KNIGHT_OF_OBLIGATION
11467;Mirran;CARD_ID_KNOWLEDGE_POOL
14949;Kolaghan;CARD_ID_KOLAGHANS_COMMAND
14944;Kolaghan;CARD_ID_KOLAGHAN_ASPIRANT
14945;Kolaghan;CARD_ID_KOLAGHAN_FORERUNNERS
14946;Kolaghan;CARD_ID_KOLAGHAN_MONUMENT
14947;Kolaghan;CARD_ID_KOLAGHAN_SKIRMISHER
14948;Kolaghan;CARD_ID_KOLAGHAN_STORMSINGER
14577;Kolaghan;CARD_ID_KOLAGHAN_THE_STORMS_FURY
8956;Timeshift;CARD_ID_KORLASH_HEIR_TO_BLACKBLADE
13163;Golgari;CARD_ID_KOROZDA_GORGON
12763;Golgari;CARD_ID_KOROZDA_GUILDMAGE
12764;Golgari;CARD_ID_KOROZDA_MONITOR
8799;Timeshift;CARD_ID_KOR_DIRGE
11468;Mirran;CARD_ID_KOTHS_COURIER
13164;Simic;CARD_ID_KRASIS_INCUBATION
14309;Abzan;CARD_ID_KRUMAR_BOND_KIN
13922;Nyx;CARD_ID_KRUPHIX_GOD_OF_HORIZONS
13923;Nyx;CARD_ID_KRUPHIX_GOD_OF_HORIZONS_INCARNATE
11469;Mirran;CARD_ID_KULDOTHA_FLAMEFIEND
11291;Mirran;CARD_ID_KULDOTHA_FORGEMASTER
11292;Mirran;CARD_ID_KULDOTHA_PHOENIX
11293;Mirran;CARD_ID_KULDOTHA_REBIRTH
11470;Mirran;CARD_ID_KULDOTHA_RINGLEADER
11627;Phyrexian;CARD_ID_LASHWRITHE
12991;Dimir;CARD_ID_LAST_THOUGHTS
13166;Azorius;CARD_ID_LAVINIA_OF_THE_TENTH
12992;Dimir;CARD_ID_LAZAV_DIMIR_MASTERMIND
1209;Mirran;CARD_ID_LEADEN_MYR
11471;Mirran;CARD_ID_LEAD_THE_STAMPEDE
13474;Nyx;CARD_ID_LEAFCROWN_DRYAD
13475;Nyx;CARD_ID_LEAFCROWN_DRYAD_BESTOWED
8230;Simic;CARD_ID_LEAFDRAKE_ROOST
14310;Jeskai;CARD_ID_LEAPING_MASTER
8080;Izzet;CARD_ID_LEAP_OF_FLAME
7893;Boros;CARD_ID_LEAVE_NO_TRACE
11628;Phyrexian;CARD_ID_LEECHING_BITE
13167;Boros;CARD_ID_LEGIONS_INITIATIVE
12993;Boros;CARD_ID_LEGION_LOYALIST
11294;Mirran;CARD_ID_LEONIN_ARBITER
11472;Mirran;CARD_ID_LEONIN_RELIC_WARDER
1236;Mirran;CARD_ID_LEONIN_SKYHUNTER
11295;Mirran;CARD_ID_LIEGE_OF_THE_TANGLE
11296;Mirran;CARD_ID_LIFESMITH
11629;Phyrexian;CARD_ID_LIFES_FINALE
7894;Golgari;CARD_ID_LIFE_FROM_THE_LOAM
14951;Kolaghan;CARD_ID_LIGHTNING_BERSERKER
1328;Boros;CARD_ID_LIGHTNING_HELIX
14579;Kolaghan;CARD_ID_LIGHTNING_SHRIEKER
14952;Dromoka;CARD_ID_LIGHTWALKER
8958;Timeshift;CARD_ID_LINESSA_ZEPHYR_MAGE
11297;Mirran;CARD_ID_LIQUIMETAL_COATING
11298;Mirran;CARD_ID_LIVEWIRE_LASH
14953;Ojutai;CARD_ID_LIVING_LORE
8963;Timeshift;CARD_ID_LOGIC_KNOT
14312;Abzan;CARD_ID_LONGSHOT_SQUAD
11630;Phyrexian;CARD_ID_LOST_LEONIN
12767;Golgari;CARD_ID_LOTLETH_TROLL
14581;Jeskai;CARD_ID_LOTUS_EYE_MYSTICS
14580;Jeskai;CARD_ID_LOTUS_PATH_DJINN
11631;Phyrexian;CARD_ID_LOXODON_CONVERT
1368;Selesnya;CARD_ID_LOXODON_HIERARCH
11473;Mirran;CARD_ID_LOXODON_PARTISAN
12768;Selesnya;CARD_ID_LOXODON_SMITER
11299;Mirran;CARD_ID_LOXODON_WAYFARER
8966;Nyx;CARD_ID_LUCENT_LIMINID
8966;Timeshift;CARD_ID_LUCENT_LIMINID
11300;Mirran;CARD_ID_LUMENGRID_DRAKE
11474;Mirran;CARD_ID_LUMENGRID_GARGOYLE
8967;Timeshift;CARD_ID_LUMITHREAD_FIELD
14955;Atarka;CARD_ID_LURKING_ARYNX
7897;Dimir;CARD_ID_LURKING_INFORMANT
11301;Mirran;CARD_ID_LUX_CANNON
13169;Azorius;CARD_ID_LYEV_DECREE
12769;Azorius;CARD_ID_LYEV_SKYKNIGHT
8968;Timeshift;CARD_ID_LYMPH_SLIVER
8232;Rakdos;CARD_ID_LYZOLDA_THE_BLOOD_WITCH
11475;Phyrexian;CARD_ID_MAGNETIC_MINE
1656;Timeshift;CARD_ID_MALACH_OF_THE_DAWN
8803;Timeshift;CARD_ID_MANA_TITHE
14313;Jeskai;CARD_ID_MANTIS_RIDER
14582;Abzan;CARD_ID_MAP_THE_WASTES
14583;Sultai;CARD_ID_MARANG_RIVER_PROWLER
14957;Silumgar;CARD_ID_MARANG_RIVER_SKELETON
14314;Mardu;CARD_ID_MARDU_ASCENDANCY
14315;Mardu;CARD_ID_MARDU_BANNER
14316;Mardu;CARD_ID_MARDU_BLAZEBRINGER
14317;Mardu;CARD_ID_MARDU_CHARM
14318;Mardu;CARD_ID_MARDU_HATEBLADE
14319;Mardu;CARD_ID_MARDU_HEART_PIERCER
14320;Mardu;CARD_ID_MARDU_HORDECHIEF
14321;Mardu;CARD_ID_MARDU_ROUGHRIDER
14584;Mardu;CARD_ID_MARDU_RUNEMARK
14585;Mardu;CARD_ID_MARDU_SCOUT
14586;Mardu;CARD_ID_MARDU_SHADOWSPEAR
14322;Mardu;CARD_ID_MARDU_SKULLHUNTER
14587;Mardu;CARD_ID_MARDU_STRIKE_LEADER
14323;Mardu;CARD_ID_MARDU_WARSHRIEKER
14588;Mardu;CARD_ID_MARDU_WOE_REAPER
11632;Phyrexian;CARD_ID_MARROW_SHARDS
12999;Boros;CARD_ID_MARTIAL_GLORY
12771;Azorius;CARD_ID_MARTIAL_LAW
11476;Phyrexian;CARD_ID_MASSACRE_WURM
8973;Timeshift;CARD_ID_MASS_OF_GHOULS
11477;Mirran;CARD_ID_MASTERS_CALL
13001;Simic;CARD_ID_MASTER_BIOMANCER
13170;Rakdos;CARD_ID_MASTER_OF_CRUELTIES
14324;Jeskai;CARD_ID_MASTER_OF_PEARLS
13931;Nyx;CARD_ID_MASTER_OF_THE_FEAST
11633;Phyrexian;CARD_ID_MASTER_SPLICER
7899;Boros;CARD_ID_MASTER_WARCRAFT
11634;Phyrexian;CARD_ID_MAUL_SPLICER
13171;Orzhov;CARD_ID_MAW_OF_THE_OBZEDAT
14326;Sultai;CARD_ID_MEANDERING_TOWERSHELL
8805;Timeshift;CARD_ID_MELANCHOLY
13178;Izzet;CARD_ID_MELEK_IZZET_PARAGON
11478;Mirran;CARD_ID_MELIRAS_KEEPERS
11635;Mirran;CARD_ID_MELIRA_SYLVOK_OUTCAST
11302;Mirran;CARD_ID_MELT_TERRAIN
11303;Mirran;CARD_ID_MEMNITE
11304;Mirran;CARD_ID_MEMORICIDE
11636;Phyrexian;CARD_ID_MENTAL_MISSTEP
13002;Dimir;CARD_ID_MENTAL_VAPORS
13003;Orzhov;CARD_ID_MERCILESS_EVICTION
14590;Abzan;CARD_ID_MERCILESS_EXECUTIONER
12772;Izzet;CARD_ID_MERCURIAL_CHEMISTER
13004;Simic;CARD_ID_MERFOLK_OF_THE_DEPTHS
8806;Timeshift;CARD_ID_MERFOLK_THAUMATURGIST
14327;Abzan;CARD_ID_MER_EK_NIGHTBLADE
8807;Timeshift;CARD_ID_MESA_ENCHANTRESS
8974;Timeshift;CARD_ID_MESMERIC_SLIVER
11479;Phyrexian;CARD_ID_METALLIC_MASTERY
13006;Dimir;CARD_ID_MIDNIGHT_RECOVERY
11305;Mirran;CARD_ID_MIMIC_VAT
13008;Dimir;CARD_ID_MIMING_SLIME
11637;Phyrexian;CARD_ID_MINDCRANK
11638;Phyrexian;CARD_ID_MINDCULLING
7901;Dimir;CARD_ID_MINDLEECH_MASS
14591;Ojutai;CARD_ID_MINDSCOUR_DRAGON
6725;Mirran;CARD_ID_MINDSLAVER
8236;Azorius;CARD_ID_MINISTER_OF_IMPEDIMENTS
14959;Silumgar;CARD_ID_MINISTER_OF_PAIN
13181;Dimir;CARD_ID_MIRKO_VOSK_MIND_DRINKER
11480;Mirran;CARD_ID_MIRRAN_CRUSADER
11481;Mirran;CARD_ID_MIRRAN_METTLE
11482;Mirran;CARD_ID_MIRRAN_SPY
11483;Phyrexian;CARD_ID_MIRRORWORKS
14592;Jeskai;CARD_ID_MISTFIRE_ADEPT
14329;Jeskai;CARD_ID_MISTFIRE_WEAVER
8976;Timeshift;CARD_ID_MISTMEADOW_SKULK
11484;Phyrexian;CARD_ID_MITOTIC_MANIPULATION
12774;Izzet;CARD_ID_MIZZIUM_MORTARS
12775;Izzet;CARD_ID_MIZZIUM_SKIN
8090;Izzet;CARD_ID_MIZZIUM_TRANSRELIQUAT
13932;Nyx;CARD_ID_MOGISS_WARHOUND
13933;Nyx;CARD_ID_MOGISS_WARHOUND_BESTOWED
13752;Nyx;CARD_ID_MOGIS_GOD_OF_SLAUGHTER
13753;Nyx;CARD_ID_MOGIS_GOD_OF_SLAUGHTER_INCARNATE
7904;Golgari;CARD_ID_MOLDERVINE_CLOAK
11306;Mirran;CARD_ID_MOLDER_BEAST
11639;Phyrexian;CARD_ID_MOLTENSTEEL_DRAGON
8810;Timeshift;CARD_ID_MOLTEN_FIREBIRD
11307;Mirran;CARD_ID_MOLTEN_PSYCHE
11308;Mirran;CARD_ID_MOLTEN_TAIL_MASTICORE
8237;Simic;CARD_ID_MOMIR_VIG_SIMIC_VISIONARY
14962;Ojutai;CARD_ID_MONASTERY_LOREMASTER
14594;Jeskai;CARD_ID_MONASTERY_MENTOR
14332;Jeskai;CARD_ID_MONASTERY_SWIFTSPEAR
8091;Orzhov;CARD_ID_MORATORIUM_STONE
11485;Phyrexian;CARD_ID_MORBID_PLUNDER
13182;Rakdos;CARD_ID_MORGUE_BURST
11309;Mirran;CARD_ID_MORIOK_REAVER
11310;Mirran;CARD_ID_MORIOK_REPLICA
1311;Dimir;CARD_ID_MOROII
11486;Phyrexian;CARD_ID_MORTARPOD
1540;Orzhov;CARD_ID_MORTIFY
7907;Golgari;CARD_ID_MORTIPEDE
11640;Phyrexian;CARD_ID_MORTIS_DOGS
13012;Dimir;CARD_ID_MORTUS_STRIDER
8092;Orzhov;CARD_ID_MOURNING_THRULL
11311;Mirran;CARD_ID_MOX_OPAL
7908;Dimir;CARD_ID_MUDDLE_THE_MIXTURE
8978;Timeshift;CARD_ID_MURAGANDA_PETROGLYPHS
14333;Sultai;CARD_ID_MURDEROUS_CUT
11641;Phyrexian;CARD_ID_MUTAGENIC_GROWTH
8812;Timeshift;CARD_ID_MYCOLOGIST
11642;Phyrexian;CARD_ID_MYCOSYNTH_FIEND
11643;Phyrexian;CARD_ID_MYCOSYNTH_WELLSPRING
11316;Mirran;CARD_ID_MYRSMITH
11312;Mirran;CARD_ID_MYR_BATTLESPHERE
11313;Mirran;CARD_ID_MYR_GALVANIZER
11314;Mirran;CARD_ID_MYR_PROPAGATOR
11315;Mirran;CARD_ID_MYR_RESERVOIR
11487;Phyrexian;CARD_ID_MYR_SIRE
11644;Mirran;CARD_ID_MYR_SUPERION
11488;Mirran;CARD_ID_MYR_TURBINE
11489;Mirran;CARD_ID_MYR_WELDER
13015;Simic;CARD_ID_MYSTIC_GENESIS
14334;Jeskai;CARD_ID_MYSTIC_MONASTERY
14335;Jeskai;CARD_ID_MYSTIC_OF_THE_HIDDEN_WAY
14964;Ojutai;CARD_ID_MYTH_REALIZED
8980;Timeshift;CARD_ID_NACATL_WAR_PRIDE
8981;Timeshift;CARD_ID_NARCOMOEBA
14336;Jeskai;CARD_ID_NARSET_ENLIGHTENED_MASTER
13016;Boros;CARD_ID_NAV_SQUAD_COMMANDOS
11317;Mirran;CARD_ID_NECROGEN_CENSER
11318;Phyrexian;CARD_ID_NECROGEN_SCUDDER
14967;Silumgar;CARD_ID_NECROMASTER_DRAGON
11319;Phyrexian;CARD_ID_NECROPEDE
7910;Golgari;CARD_ID_NECROPLASM
14337;Sultai;CARD_ID_NECROPOLIS_FIEND
11645;Phyrexian;CARD_ID_NECROPOUNCER
11320;Mirran;CARD_ID_NECROTIC_OOZE
1280;Timeshift;CARD_ID_NESSIAN_COURSER
11490;Phyrexian;CARD_ID_NESTED_GHOUL
7911;Dimir;CARD_ID_NETHERBORN_PHALANX
8239;Rakdos;CARD_ID_NETTLING_CURSE
11491;Mirran;CARD_ID_NEUROK_COMMANDO
11321;Mirran;CARD_ID_NEUROK_INVISIMANCER
11322;Mirran;CARD_ID_NEUROK_REPLICA
12777;Azorius;CARD_ID_NEW_PRAHV_GUILDMAGE
13490;Nyx;CARD_ID_NIGHTHOWLER
13491;Nyx;CARD_ID_NIGHTHOWLER_BESTOWED
7913;Golgari;CARD_ID_NIGHTMARE_VOID
13017;Dimir;CARD_ID_NIGHTVEIL_SPECTER
8241;Rakdos;CARD_ID_NIHILISTIC_GLEE
11323;Mirran;CARD_ID_NIHIL_SPELLBOMB
8984;Timeshift;CARD_ID_NIMBUS_MAZE
13492;Nyx;CARD_ID_NIMBUS_NAIAD
13493;Nyx;CARD_ID_NIMBUS_NAIAD_BESTOWED
13018;Simic;CARD_ID_NIMBUS_SWIMMER
11324;Mirran;CARD_ID_NIM_DEATHMANTLE
8095;Izzet;CARD_ID_NIVIX_AERIE_OF_THE_FIREMIND
13185;Izzet;CARD_ID_NIVIX_CYCLOPS
12778;Izzet;CARD_ID_NIVIX_GUILDMAGE
12779;Izzet;CARD_ID_NIVMAGUS_ELEMENTAL
12780;Izzet;CARD_ID_NIV_MIZZET_DRACOGENIUS
8094;Izzet;CARD_ID_NIV_MIZZET_THE_FIREMIND
8985;Timeshift;CARD_ID_NIX
13758;Nyx;CARD_ID_NOBLE_QUARRY
13759;Nyx;CARD_ID_NOBLE_QUARRY_BESTOWED
14338;Mardu;CARD_ID_NOMAD_OUTPOST
11646;Phyrexian;CARD_ID_NORNS_ANNEX
13186;Dimir;CARD_ID_NOTION_THIEF
8243;Simic;CARD_ID_NOVIJEN_HEART_OF_PROGRESS
8242;Simic;CARD_ID_NOVIJEN_SAGES
14597;Silumgar;CARD_ID_NOXIOUS_DRAGON
11647;Phyrexian;CARD_ID_NOXIOUS_REVIVAL
8815;Timeshift;CARD_ID_NULL_PROFUSION
11648;Phyrexian;CARD_ID_NUMBING_DOSE
13498;Nyx;CARD_ID_NYLEAS_EMISSARY
13499;Nyx;CARD_ID_NYLEAS_EMISSARY_BESTOWED
13495;Nyx;CARD_ID_NYLEA_GOD_OF_THE_HUNT
13496;Nyx;CARD_ID_NYLEA_GOD_OF_THE_HUNT_INCARNATE
13761;Nyx;CARD_ID_NYXBORN_EIDOLON
13762;Nyx;CARD_ID_NYXBORN_EIDOLON_BESTOWED
13763;Nyx;CARD_ID_NYXBORN_ROLLICKER
13764;Nyx;CARD_ID_NYXBORN_ROLLICKER_BESTOWED
13765;Nyx;CARD_ID_NYXBORN_SHIELDMATE
13766;Nyx;CARD_ID_NYXBORN_SHIELDMATE_BESTOWED
13767;Nyx;CARD_ID_NYXBORN_TRITON
13768;Nyx;CARD_ID_NYXBORN_TRITON_BESTOWED
13769;Nyx;CARD_ID_NYXBORN_WOLF
13770;Nyx;CARD_ID_NYXBORN_WOLF_BESTOWED
13940;Nyx;CARD_ID_NYX_FLEECE_RAM
13939;Nyx;CARD_ID_NYX_WEAVER
13941;Nyx;CARD_ID_OAKHEART_DRYADS
13501;Nyx;CARD_ID_OBSERVANT_ALSEID
13502;Nyx;CARD_ID_OBSERVANT_ALSEID_BESTOWED
13187;Orzhov;CARD_ID_OBZEDATS_AID
13019;Orzhov;CARD_ID_OBZEDAT_GHOST_COUNCIL
8244;Azorius;CARD_ID_OCULAR_HALO
11492;Phyrexian;CARD_ID_OCULUS
11325;Mirran;CARD_ID_OGRE_GEARGRABBER
11649;Phyrexian;CARD_ID_OGRE_MENIAL
11493;Mirran;CARD_ID_OGRE_RESISTER
8096;Izzet;CARD_ID_OGRE_SAVANT
14972;Ojutai;CARD_ID_OJUTAIS_BREATH
14973;Ojutai;CARD_ID_OJUTAIS_COMMAND
14974;Ojutai;CARD_ID_OJUTAIS_SUMMONS
14969;Ojutai;CARD_ID_OJUTAI_EXEMPLARS
14970;Ojutai;CARD_ID_OJUTAI_INTERCEPTOR
14971;Ojutai;CARD_ID_OJUTAI_MONUMENT
14598;Ojutai;CARD_ID_OJUTAI_SOUL_OF_WINTER
11650;Phyrexian;CARD_ID_OMEN_MACHINE
8247;Simic;CARD_ID_OMNIBIAN
13021;Orzhov;CARD_ID_ONE_THOUSAND_LASHES
14339;Sultai;CARD_ID_OPULENT_PALACE
14975;Ojutai;CARD_ID_ORATOR_OF_OJUTAI
14599;Mardu;CARD_ID_ORC_SURESHOT
7917;Boros;CARD_ID_ORDRUUN_COMMANDO
13023;Boros;CARD_ID_ORDRUUN_VETERAN
11326;Mirran;CARD_ID_ORIGIN_SPELLBOMB
8987;Timeshift;CARD_ID_ORISS_SAMITE_GUARDIAN
8101;Orzhov;CARD_ID_ORZHOVA_THE_CHURCH_OF_DEALS
1551;Orzhov;CARD_ID_ORZHOV_BASILICA
13024;Orzhov;CARD_ID_ORZHOV_CHARM
13189;Orzhov;CARD_ID_ORZHOV_CLUESTONE
8098;Orzhov;CARD_ID_ORZHOV_EUTHANIST
13025;Orzhov;CARD_ID_ORZHOV_GUILDGATE
8099;Orzhov;CARD_ID_ORZHOV_GUILDMAGE
13026;Orzhov;CARD_ID_ORZHOV_KEYRUNE
8100;Orzhov;CARD_ID_ORZHOV_PONTIFF
1721;Orzhov;CARD_ID_ORZHOV_SIGNET
8102;Orzhov;CARD_ID_OSTIARY_THRULL
1707;Golgari;CARD_ID_OVERGROWN_TOMB
8248;Azorius;CARD_ID_OVERRULE
7918;Selesnya;CARD_ID_OVERWHELM
8818;Timeshift;CARD_ID_OVINIZE
11327;Mirran;CARD_ID_OXIDDA_DAREDEVIL
11328;Mirran;CARD_ID_OXIDDA_SCRAPMELTER
11329;Mirran;CARD_ID_PAINFUL_QUANDARY
11330;Mirran;CARD_ID_PAINSMITH
8249;Rakdos;CARD_ID_PAIN_MAGNIFICATION
14976;Silumgar;CARD_ID_PALACE_FAMILIAR
8250;Azorius;CARD_ID_PALADIN_OF_PRAHV
11331;Mirran;CARD_ID_PALLADIUM_MYR
8251;Azorius;CARD_ID_PALLIATION_ACCORD
11332;Mirran;CARD_ID_PANIC_SPELLBOMB
13027;Dimir;CARD_ID_PARANOID_DELUSIONS
11651;Phyrexian;CARD_ID_PARASITIC_IMPLANT
8252;Simic;CARD_ID_PATAGIA_VIPER
8990;Timeshift;CARD_ID_PATRICIANS_SCORN
11494;Mirran;CARD_ID_PEACE_STRIDER
14340;Jeskai;CARD_ID_PEARL_LAKE_ANCIENT
11333;Phyrexian;CARD_ID_PERILOUS_MYR
7923;Dimir;CARD_ID_PERPLEX
13778;Nyx;CARD_ID_PERPLEXING_CHIMERA
11652;Phyrexian;CARD_ID_PESTILENT_SOULEATER
8104;Izzet;CARD_ID_PETRAHYDROX
8105;Gruul;CARD_ID_PETRIFIED_WOOD_KIN
13946;Nyx;CARD_ID_PHARIKA_GOD_OF_AFFLICTION
13947;Nyx;CARD_ID_PHARIKA_GOD_OF_AFFLICTION_INCARNATE
13780;Nyx;CARD_ID_PHENAX_GOD_OF_DECEPTION
13781;Nyx;CARD_ID_PHENAX_GOD_OF_DECEPTION_INCARNATE
8992;Timeshift;CARD_ID_PHOSPHORESCENT_FEAST
11495;Phyrexian;CARD_ID_PHYRESIS
11496;Phyrexian;CARD_ID_PHYREXIAN_CRUSADER
11497;Phyrexian;CARD_ID_PHYREXIAN_DIGESTER
1112;Phyrexian;CARD_ID_PHYREXIAN_HULK
11498;Phyrexian;CARD_ID_PHYREXIAN_HYDRA
11654;Phyrexian;CARD_ID_PHYREXIAN_INGESTER
11499;Phyrexian;CARD_ID_PHYREXIAN_JUGGERNAUT
11655;Phyrexian;CARD_ID_PHYREXIAN_METAMORPH
11656;Phyrexian;CARD_ID_PHYREXIAN_OBLITERATOR
5418;Phyrexian;CARD_ID_PHYREXIAN_RAGER
11500;Phyrexian;CARD_ID_PHYREXIAN_REBIRTH
11501;Phyrexian;CARD_ID_PHYREXIAN_REVOKER
11657;Phyrexian;CARD_ID_PHYREXIAN_SWARMLORD
11658;Phyrexian;CARD_ID_PHYREXIAN_UNLIFE
11502;Phyrexian;CARD_ID_PHYREXIAN_VATMOTHER
11653;Phyrexian;CARD_ID_PHYREXIAS_CORE
7924;Selesnya;CARD_ID_PHYTOHYDRA
11503;Phyrexian;CARD_ID_PIERCE_STRIDER
13191;Dimir;CARD_ID_PILFERED_PLANS
8106;Orzhov;CARD_ID_PILLORY_OF_THE_SLEEPLESS
14341;Temur;CARD_ID_PINE_WALKER
14977;Dromoka;CARD_ID_PINION_FEAST
8821;Timeshift;CARD_ID_PIRACY_CHARM
11504;Mirran;CARD_ID_PISTON_SLEDGE
11505;Phyrexian;CARD_ID_PISTUS_STRIKE
11659;Phyrexian;CARD_ID_PITH_DRILLER
14978;Kolaghan;CARD_ID_PITILESS_HORDE
13028;Gruul;CARD_ID_PIT_FIGHT
11507;Phyrexian;CARD_ID_PLAGUEMAW_BEAST
7925;Golgari;CARD_ID_PLAGUE_BOILER
11506;Phyrexian;CARD_ID_PLAGUE_MYR
11334;Phyrexian;CARD_ID_PLAGUE_STINGER
13192;Simic;CARD_ID_PLASM_CAPTURE
11335;Mirran;CARD_ID_PLATED_SEASTRIDER
11336;Mirran;CARD_ID_PLATINUM_EMPERION
8254;Simic;CARD_ID_PLAXCASTER_FROGLING
8255;Simic;CARD_ID_PLAXMANTA
8256;Azorius;CARD_ID_PLUMES_OF_PEACE
7926;Selesnya;CARD_ID_POLLENBRIGHT_WINGS
13193;Orzhov;CARD_ID_PONTIFF_OF_BLIGHT
14342;Mardu;CARD_ID_PONYBACK_BRIGADE
11660;Phyrexian;CARD_ID_PORCELAIN_LEGIONNAIRE
1262;Timeshift;CARD_ID_PORPHYRY_NODES
11661;Phyrexian;CARD_ID_POSTMORTEM_LUNGE
11508;Phyrexian;CARD_ID_PRAETORS_COUNSEL
11662;Phyrexian;CARD_ID_PRAETORS_GRASP
8257;Azorius;CARD_ID_PRAHV_SPIRES_OF_ORDER
11337;Mirran;CARD_ID_PRECURSOR_GOLEM
8258;Azorius;CARD_ID_PRIDE_OF_THE_CLOUDS
11509;Phyrexian;CARD_ID_PRIESTS_OF_NORN
11663;Phyrexian;CARD_ID_PRIEST_OF_URABRASK
8825;Timeshift;CARD_ID_PRIMAL_PLASMA
13030;Gruul;CARD_ID_PRIMAL_VISITATION
13031;Simic;CARD_ID_PRIME_SPEAKER_ZEGANA
14980;Ojutai;CARD_ID_PRISTINE_SKYWISE
11664;Mirran;CARD_ID_PRISTINE_TALISMAN
7928;Selesnya;CARD_ID_PRIVILEGED_POSITION
8259;Azorius;CARD_ID_PROCLAMATION_OF_REBIRTH
1361;Timeshift;CARD_ID_PRODIGAL_PYROMANCER
14981;Silumgar;CARD_ID_PROFANER_OF_THE_DEAD
13168;Orzhov;CARD_ID_PROFIT_LOSS
14982;Ojutai;CARD_ID_PROFOUND_JOURNEY
13195;Simic;CARD_ID_PROGENITOR_MIMIC
13196;Azorius;CARD_ID_PROTECT_SERVE
11338;Mirran;CARD_ID_PROTOTYPE_PORTAL
11665;Phyrexian;CARD_ID_PSYCHIC_BARRIER
7929;Dimir;CARD_ID_PSYCHIC_DRAIN
11339;Mirran;CARD_ID_PSYCHIC_MIASMA
13032;Dimir;CARD_ID_PSYCHIC_STRIKE
11666;Phyrexian;CARD_ID_PSYCHIC_SURGERY
11510;Phyrexian;CARD_ID_PSYCHOSIS_CRAWLER
11667;Mirran;CARD_ID_PURESTEEL_PALADIN
13033;Orzhov;CARD_ID_PURGE_THE_PROFANE
13526;Nyx;CARD_ID_PURPHOROSS_EMISSARY
13527;Nyx;CARD_ID_PURPHOROSS_EMISSARY_BESTOWED
13524;Nyx;CARD_ID_PURPHOROS_GOD_OF_THE_FORGE
13525;Nyx;CARD_ID_PURPHOROS_GOD_OF_THE_FORGE_INCARNATE
12789;Izzet;CARD_ID_PURSUIT_OF_FLIGHT
11340;Phyrexian;CARD_ID_PUTREFAX
1506;Golgari;CARD_ID_PUTREFY
13198;Gruul;CARD_ID_PYREWILD_SHAMAN
8827;Timeshift;CARD_ID_PYROHEMIA
8111;Izzet;CARD_ID_PYROMATICS
14983;Atarka;CARD_ID_QAL_SISMA_BEHEMOTH
14984;Silumgar;CARD_ID_QARSI_DECEIVER
14604;Sultai;CARD_ID_QARSI_HIGH_PRIEST
14985;Silumgar;CARD_ID_QARSI_SADIST
8996;Timeshift;CARD_ID_QUAGNOTH
11341;Mirran;CARD_ID_QUICKSILVER_GARGANTUAN
11511;Mirran;CARD_ID_QUICKSILVER_GEYSER
14343;Jeskai;CARD_ID_QUIET_CONTEMPLATION
11512;Phyrexian;CARD_ID_QUILLED_SLAGWURM
8113;Gruul;CARD_ID_RABBLE_ROUSER
8265;Rakdos;CARD_ID_RAGAMUFFYN
11668;Phyrexian;CARD_ID_RAGE_EXTRACTOR
8266;Rakdos;CARD_ID_RAIN_OF_GORE
12800;Rakdos;CARD_ID_RAKDOSS_RETURN
8267;Rakdos;CARD_ID_RAKDOS_AUGERMAGE
12792;Rakdos;CARD_ID_RAKDOS_CACKLER
1731;Rakdos;CARD_ID_RAKDOS_CARNARIUM
12793;Rakdos;CARD_ID_RAKDOS_CHARM
13199;Rakdos;CARD_ID_RAKDOS_CLUESTONE
13200;Rakdos;CARD_ID_RAKDOS_DRAKE
12794;Rakdos;CARD_ID_RAKDOS_GUILDGATE
8268;Rakdos;CARD_ID_RAKDOS_GUILDMAGE
8269;Rakdos;CARD_ID_RAKDOS_ICKSPITTER
12795;Rakdos;CARD_ID_RAKDOS_KEYRUNE
12799;Rakdos;CARD_ID_RAKDOS_LORD_OF_RIOTS
8270;Rakdos;CARD_ID_RAKDOS_PIT_DRAGON
12796;Rakdos;CARD_ID_RAKDOS_RAGEMUTT
12797;Rakdos;CARD_ID_RAKDOS_RINGLEADER
8271;Rakdos;CARD_ID_RAKDOS_RITEKNIFE
12798;Rakdos;CARD_ID_RAKDOS_SHRED_FREAK
1723;Rakdos;CARD_ID_RAKDOS_SIGNET
8272;Rakdos;CARD_ID_RAKDOS_THE_DEFILER
14345;Sultai;CARD_ID_RAKSHASA_DEATHDEALER
14987;Silumgar;CARD_ID_RAKSHASA_GRAVECALLER
14346;Sultai;CARD_ID_RAKSHASA_VIZIER
11513;Mirran;CARD_ID_RALLY_THE_FORCES
7932;Boros;CARD_ID_RALLY_THE_RIGHTEOUS
8998;Timeshift;CARD_ID_RAMOSIAN_REVIVALIST
11342;Mirran;CARD_ID_RATCHET_BOMB
8829;Timeshift;CARD_ID_RATHI_TRAPPER
14348;Temur;CARD_ID_RATTLECLAW_MYSTIC
7933;Boros;CARD_ID_RAZIAS_PURIFICATION
7934;Boros;CARD_ID_RAZIA_BOROS_ARCHANGEL
11514;Mirran;CARD_ID_RAZORFIELD_RHINO
11344;Mirran;CARD_ID_RAZORFIELD_THRESHER
11345;Mirran;CARD_ID_RAZORVERGE_THICKET
11343;Mirran;CARD_ID_RAZOR_HIPPOGRIFF
11669;Phyrexian;CARD_ID_RAZOR_SWINE
11670;Phyrexian;CARD_ID_REAPER_OF_SHEOLDRED
13203;Dimir;CARD_ID_REAP_INTELLECT
14988;Kolaghan;CARD_ID_RECKLESS_IMP
8832;Timeshift;CARD_ID_RECKLESS_WURM
11515;Mirran;CARD_ID_RED_SUNS_ZENITH
11346;Phyrexian;CARD_ID_RELIC_PUTRESCENCE
11671;Mirran;CARD_ID_REMEMBER_THE_FALLEN
13204;Azorius;CARD_ID_RENDER_SILENT
13205;Simic;CARD_ID_RENEGADE_KRASIS
13207;Azorius;CARD_ID_RESTORE_THE_PEACE
14349;Abzan;CARD_ID_RETRIBUTION_OF_THE_ANCIENTS
8116;Orzhov;CARD_ID_REVENANT_PATRIARCH
8835;Timeshift;CARD_ID_REVERED_DEAD
11347;Mirran;CARD_ID_REVOKE_EXISTENCE
7936;Dimir;CARD_ID_RIBBONS_OF_NIGHT
11348;Mirran;CARD_ID_RIDDLESMITH
12802;Azorius;CARD_ID_RIGHTEOUS_AUTHORITY
8275;Rakdos;CARD_ID_RIOT_SPIKES
13961;Nyx;CARD_ID_RIPTIDE_CHIMERA
8838;Timeshift;CARD_ID_RIPTIDE_PILFERER
14993;Silumgar;CARD_ID_RISEN_EXECUTIONER
12803;Selesnya;CARD_ID_RISEN_SANCTUARY
12804;Golgari;CARD_ID_RITES_OF_REAPING
14613;Sultai;CARD_ID_RITE_OF_UNDOING
14352;Jeskai;CARD_ID_RIVERWHEEL_AERIALISTS
9005;Timeshift;CARD_ID_RIVER_OF_TEARS
8277;Rakdos;CARD_ID_RIX_MAADI_DUNGEON_PALACE
12805;Rakdos;CARD_ID_RIX_MAADI_GUILDMAGE
14353;Temur;CARD_ID_ROAR_OF_CHALLENGE
7937;Golgari;CARD_ID_ROLLING_SPOIL
7938;Dimir;CARD_ID_ROOFSTALKER_WIGHT
12807;Selesnya;CARD_ID_ROOTBORN_DEFENSES
7939;Selesnya;CARD_ID_ROOT_KIN_ALLY
11672;Phyrexian;CARD_ID_ROTTED_HYSTRIX
13210;Golgari;CARD_ID_ROT_FARM_SKELETON
11516;Phyrexian;CARD_ID_ROT_WOLF
13211;Gruul;CARD_ID_RUBBLEBELT_MAAKA
13039;Gruul;CARD_ID_RUBBLEBELT_RAIDERS
13040;Gruul;CARD_ID_RUBBLEHULK
13041;Gruul;CARD_ID_RUINATION_WURM
8117;Gruul;CARD_ID_RUMBLING_SLUM
13213;Gruul;CARD_ID_RURIC_THAR_THE_UNBOWED
11350;Mirran;CARD_ID_RUSTED_RELIC
11517;Phyrexian;CARD_ID_RUSTED_SLASHER
11349;Mirran;CARD_ID_RUST_TICK
14995;Silumgar;CARD_ID_RUTHLESS_DEATHFANG
11673;Phyrexian;CARD_ID_RUTHLESS_INVASION
14357;Sultai;CARD_ID_RUTHLESS_RIPPER
11351;Mirran;CARD_ID_SABERCLAW_GOLEM
14996;Atarka;CARD_ID_SABERTOOTH_OUTRIDER
1708;Boros;CARD_ID_SACRED_FOUNDRY
14615;Jeskai;CARD_ID_SAGE_EYE_AVENGERS
14359;Jeskai;CARD_ID_SAGE_EYE_HARRIER
14358;Jeskai;CARD_ID_SAGE_OF_THE_INWARD_EYE
14360;Sultai;CARD_ID_SAGU_ARCHER
14997;Dromoka;CARD_ID_SALT_ROAD_AMBUSHERS
14362;Abzan;CARD_ID_SALT_ROAD_PATROL
14998;Dromoka;CARD_ID_SALT_ROAD_QUARTERMASTERS
11352;Mirran;CARD_ID_SALVAGE_SCOUT
14999;Dromoka;CARD_ID_SANDCRAFTER_MAGE
14363;Abzan;CARD_ID_SANDSTEPPE_CITADEL
14618;Abzan;CARD_ID_SANDSTEPPE_MASTODON
15000;Dromoka;CARD_ID_SANDSTEPPE_SCAVENGER
15001;Dromoka;CARD_ID_SANDSTORM_CHARGER
11518;Mirran;CARD_ID_SANGROMANCER
9008;Timeshift;CARD_ID_SARCOMITE_MYR
13794;Nyx;CARD_ID_SATYR_FIREDANCER
13215;Gruul;CARD_ID_SAVAGEBORN_HYDRA
14367;Temur;CARD_ID_SAVAGE_KNUCKLEBLADE
14368;Temur;CARD_ID_SAVAGE_PUNCH
2594;Gruul;CARD_ID_SAVAGE_TWISTER
15005;Atarka;CARD_ID_SAVAGE_VENTMAW
7943;Golgari;CARD_ID_SAVRA_QUEEN_OF_THE_GOLGARI
13045;Gruul;CARD_ID_SCAB_CLAN_CHARGER
13216;Gruul;CARD_ID_SCAB_CLAN_GIANT
8120;Gruul;CARD_ID_SCAB_CLAN_MAULER
14369;Temur;CARD_ID_SCALDKIN
15007;Dromoka;CARD_ID_SCALEGUARD_SENTINELS
15006;Dromoka;CARD_ID_SCALE_BLESSING
7944;Selesnya;CARD_ID_SCATTER_THE_SEEDS
8121;Izzet;CARD_ID_SCHISMOTIVATE
14370;Temur;CARD_ID_SCION_OF_GLACIERS
13217;Selesnya;CARD_ID_SCION_OF_VITU_GHAZI
13047;Gruul;CARD_ID_SCORCHWALKER
11353;Mirran;CARD_ID_SCORIA_ELEMENTAL
11519;Phyrexian;CARD_ID_SCOURGE_SERVANT
14372;Sultai;CARD_ID_SCOUT_THE_BORDERS
11354;Mirran;CARD_ID_SCRAPDIVER_SERPENT
11674;Phyrexian;CARD_ID_SCRAPYARD_SALVO
15009;Kolaghan;CARD_ID_SCREAMREACH_BRAWLER
7946;Boros;CARD_ID_SCREECHING_GRIFFIN
11355;Mirran;CARD_ID_SCREECHING_SILCAW
11356;Mirran;CARD_ID_SEACHROME_COAST
8843;Timeshift;CARD_ID_SEAL_OF_PRIMORDIUM
12812;Azorius;CARD_ID_SEARCH_WARRANT
7947;Boros;CARD_ID_SEARING_MEDITATION
9011;Timeshift;CARD_ID_SECOND_WIND
7949;Selesnya;CARD_ID_SEEDS_OF_STRENGTH
7948;Selesnya;CARD_ID_SEED_SPARK
14375;Jeskai;CARD_ID_SEEKER_OF_THE_WAY
14374;Temur;CARD_ID_SEE_THE_UNWRITTEN
9012;Timeshift;CARD_ID_SEHTS_TIGER
11357;Mirran;CARD_ID_SEIZE_THE_INITIATIVE
8123;Orzhov;CARD_ID_SEIZE_THE_SOUL
12814;Selesnya;CARD_ID_SELESNYA_CHARM
13218;Selesnya;CARD_ID_SELESNYA_CLUESTONE
7951;Selesnya;CARD_ID_SELESNYA_EVANGEL
12815;Selesnya;CARD_ID_SELESNYA_GUILDGATE
7952;Selesnya;CARD_ID_SELESNYA_GUILDMAGE
12816;Selesnya;CARD_ID_SELESNYA_KEYRUNE
7953;Selesnya;CARD_ID_SELESNYA_SAGITTARS
1725;Selesnya;CARD_ID_SELESNYA_SANCTUARY
12817;Selesnya;CARD_ID_SELESNYA_SENTRY
1716;Selesnya;CARD_ID_SELESNYA_SIGNET
11358;Mirran;CARD_ID_SEMBLANCE_ANVIL
11675;Phyrexian;CARD_ID_SENSOR_SPLICER
11520;Phyrexian;CARD_ID_SEPTIC_RATS
8844;Timeshift;CARD_ID_SERENDIB_SORCERER
1364;Timeshift;CARD_ID_SERRA_SPHINX
11521;Phyrexian;CARD_ID_SERUM_RAKER
15014;Dromoka;CARD_ID_SERVANT_OF_THE_SCALE
14376;Sultai;CARD_ID_SET_ADRIFT
12819;Golgari;CARD_ID_SEWER_SHAMBLER
8124;Orzhov;CARD_ID_SHADOW_LANCE
7956;Dimir;CARD_ID_SHADOW_OF_DOUBT
13051;Dimir;CARD_ID_SHADOW_SLICE
9013;Timeshift;CARD_ID_SHAH_OF_NAAR_ISLE
14622;Temur;CARD_ID_SHAMANIC_REVELATION
15015;Atarka;CARD_ID_SHAMAN_OF_FORGOTTEN_WAYS
14621;Temur;CARD_ID_SHAMAN_OF_THE_GREAT_HUNT
13052;Simic;CARD_ID_SHAMBLESHARK
14377;Sultai;CARD_ID_SHAMBLING_ATTENDANTS
15016;Silumgar;CARD_ID_SHAMBLING_GOBLIN
7957;Golgari;CARD_ID_SHAMBLING_SHELL
9014;Timeshift;CARD_ID_SHAPESHIFTERS_MARROW
11359;Mirran;CARD_ID_SHAPE_ANEW
223;Mirran;CARD_ID_SHATTER
11676;Phyrexian;CARD_ID_SHATTERED_ANGEL
13053;Boros;CARD_ID_SHATTERING_BLOW
8125;Izzet;CARD_ID_SHATTERING_SPREE
11677;Phyrexian;CARD_ID_SHEOLDRED_WHISPERING_ONE
15019;Dromoka;CARD_ID_SHIELDHIDE_DRAGON
8279;Simic;CARD_ID_SHIELDING_PLAX
11522;Mirran;CARD_ID_SHIMMER_MYR
8849;Timeshift;CARD_ID_SHIVAN_WUMPUS
14624;Kolaghan;CARD_ID_SHOCKMAW_DRAGON
13219;Rakdos;CARD_ID_SHOWSTOPPER
7958;Dimir;CARD_ID_SHRED_MEMORY
11523;Mirran;CARD_ID_SHRIEKHORN
1316;Orzhov;CARD_ID_SHRIEKING_GROTESQUE
11678;Phyrexian;CARD_ID_SHRIEK_RAPTOR
11679;Phyrexian;CARD_ID_SHRINE_OF_BOUNDLESS_GROWTH
11680;Phyrexian;CARD_ID_SHRINE_OF_BURNING_RAGE
11681;Phyrexian;CARD_ID_SHRINE_OF_LIMITLESS_POWER
11682;Phyrexian;CARD_ID_SHRINE_OF_LOYAL_LEGIONS
11683;Phyrexian;CARD_ID_SHRINE_OF_PIERCING_VISION
8850;Timeshift;CARD_ID_SHROUDED_LORE
14625;Jeskai;CARD_ID_SHU_YUN_THE_SILENT_TEMPEST
14626;Sultai;CARD_ID_SIBSIG_HOST
15021;Silumgar;CARD_ID_SIBSIG_ICEBREAKERS
14627;Sultai;CARD_ID_SIBSIG_MUCKDRAGGERS
11684;Phyrexian;CARD_ID_SICKLESLICER
15022;Silumgar;CARD_ID_SIDISIS_FAITHFUL
14379;Sultai;CARD_ID_SIDISIS_PET
14378;Sultai;CARD_ID_SIDISI_BROOD_TYRANT
15023;Silumgar;CARD_ID_SIDISI_UNDEAD_VIZIER
8126;Izzet;CARD_ID_SIEGE_OF_TOWERS
14380;Abzan;CARD_ID_SIEGE_RHINO
7959;Selesnya;CARD_ID_SIEGE_WURM
13972;Nyx;CARD_ID_SIGHTLESS_BRAWLER
13973;Nyx;CARD_ID_SIGHTLESS_BRAWLER_BESTOWED
15024;Ojutai;CARD_ID_SIGHT_BEYOND_SIGHT
11524;Mirran;CARD_ID_SIGNAL_PEST
13055;Gruul;CARD_ID_SIGNAL_THE_CLANS
8280;Simic;CARD_ID_SILKWING_SCOUT
15032;Silumgar;CARD_ID_SILUMGARS_COMMAND
15033;Silumgar;CARD_ID_SILUMGARS_SCORN
15027;Silumgar;CARD_ID_SILUMGAR_ASSASSIN
15028;Silumgar;CARD_ID_SILUMGAR_BUTCHER
15029;Silumgar;CARD_ID_SILUMGAR_MONUMENT
15030;Silumgar;CARD_ID_SILUMGAR_SORCERER
15031;Silumgar;CARD_ID_SILUMGAR_SPELL_EATER
14628;Silumgar;CARD_ID_SILUMGAR_THE_DRIFTING_DEATH
11525;Mirran;CARD_ID_SILVERSKIN_ARMOR
1210;Mirran;CARD_ID_SILVER_MYR
8851;Timeshift;CARD_ID_SIMIAN_SPIRIT_GUIDE
8281;Simic;CARD_ID_SIMIC_BASILISK
13056;Simic;CARD_ID_SIMIC_CHARM
13220;Simic;CARD_ID_SIMIC_CLUESTONE
13057;Simic;CARD_ID_SIMIC_FLUXMAGE
1732;Simic;CARD_ID_SIMIC_GROWTH_CHAMBER
13058;Simic;CARD_ID_SIMIC_GUILDGATE
8282;Simic;CARD_ID_SIMIC_GUILDMAGE
8283;Simic;CARD_ID_SIMIC_INITIATE
13059;Simic;CARD_ID_SIMIC_KEYRUNE
13060;Simic;CARD_ID_SIMIC_MANIPULATOR
8284;Simic;CARD_ID_SIMIC_RAGWORM
1724;Simic;CARD_ID_SIMIC_SIGNET
1232;Simic;CARD_ID_SIMIC_SKY_SWALLOWER
1386;Timeshift;CARD_ID_SINEW_SLIVER
13221;Orzhov;CARD_ID_SIN_COLLECTOR
13223;Rakdos;CARD_ID_SIRE_OF_INSANITY
7961;Golgari;CARD_ID_SISTERS_OF_STONE_DEATH
8131;Gruul;CARD_ID_SKARRGAN_FIREBIRD
8132;Gruul;CARD_ID_SKARRGAN_PIT_SKULK
8133;Gruul;CARD_ID_SKARRGAN_SKYBREAKER
13061;Gruul;CARD_ID_SKARRG_GOLIATH
13062;Gruul;CARD_ID_SKARRG_GUILDMAGE
8130;Gruul;CARD_ID_SKARRG_THE_RAGE_PITS
13063;Gruul;CARD_ID_SKINBRAND_GOBLIN
11360;Phyrexian;CARD_ID_SKINRENDER
11526;Phyrexian;CARD_ID_SKINWING
8852;Timeshift;CARD_ID_SKIRK_SHAMAN
11361;Phyrexian;CARD_ID_SKITHIRYX_THE_BLIGHT_DRAGON
9018;Timeshift;CARD_ID_SKIZZIK_SURGER
12821;Rakdos;CARD_ID_SKULL_REND
1235;Boros;CARD_ID_SKYKNIGHT_LEGIONNAIRE
8287;Azorius;CARD_ID_SKYSCRIBING
15034;Ojutai;CARD_ID_SKYWISE_TEACHINGS
11362;Mirran;CARD_ID_SKY_EEL_SCHOOL
8286;Azorius;CARD_ID_SKY_HUSSAR
11527;Mirran;CARD_ID_SLAGSTORM
11685;Phyrexian;CARD_ID_SLAG_FIEND
11686;Phyrexian;CARD_ID_SLASH_PANTHER
13068;Gruul;CARD_ID_SLAUGHTERHORN
8288;Rakdos;CARD_ID_SLAUGHTERHOUSE_BOUNCER
12824;Rakdos;CARD_ID_SLAUGHTER_GAMES
11363;Mirran;CARD_ID_SLICE_IN_TWAIN
12826;Golgari;CARD_ID_SLITHERHEAD
8289;Rakdos;CARD_ID_SLITHERING_SHADE
12827;Golgari;CARD_ID_SLUICEWAY_SCORPION
14383;Sultai;CARD_ID_SMOKE_TELLER
14629;Jeskai;CARD_ID_SMOLDERING_EFREET
9022;Timeshift;CARD_ID_SNAKE_CULT_INITIATION
11364;Mirran;CARD_ID_SNAPSAIL_GLIDER
14384;Temur;CARD_ID_SNOWHORN_RIDER
11365;Mirran;CARD_ID_SOLITON
14631;Jeskai;CARD_ID_SOULFIRE_GRAND_MASTER
14632;Sultai;CARD_ID_SOULFLAYER
8290;Azorius;CARD_ID_SOULSWORN_JURY
12830;Azorius;CARD_ID_SOULSWORN_SPIRIT
8138;Orzhov;CARD_ID_SOULS_OF_THE_FAULTLESS
11687;Phyrexian;CARD_ID_SOUL_CONDUIT
11366;Mirran;CARD_ID_SOUL_PARRY
13070;Dimir;CARD_ID_SOUL_RANSOM
13071;Boros;CARD_ID_SPARK_TROOPER
12831;Rakdos;CARD_ID_SPAWN_OF_RIX_MAADI
13557;Nyx;CARD_ID_SPEARPOINT_OREAD
13558;Nyx;CARD_ID_SPEARPOINT_OREAD_BESTOWED
13556;Nyx;CARD_ID_SPEAR_OF_HELIOD
13226;Simic;CARD_ID_SPECIES_GORGER
11688;Phyrexian;CARD_ID_SPELLSKITE
9025;Timeshift;CARD_ID_SPELLWEAVER_VOLUTE
9026;Timeshift;CARD_ID_SPELLWILD_OUPHE
11528;Mirran;CARD_ID_SPHERE_OF_THE_SUNS
12834;Azorius;CARD_ID_SPHINXS_REVELATION
11367;Mirran;CARD_ID_SPIKESHOT_ELDER
13227;Rakdos;CARD_ID_SPIKE_JESTER
11689;Phyrexian;CARD_ID_SPINEBITER
11690;Phyrexian;CARD_ID_SPINED_THOPTER
11530;Phyrexian;CARD_ID_SPINE_OF_ISH_SAH
11529;Mirran;CARD_ID_SPIN_ENGINE
9027;Timeshift;CARD_ID_SPIN_INTO_MYTH
11531;Mirran;CARD_ID_SPIRALING_DUELIST
13981;Nyx;CARD_ID_SPIRESPINE
13982;Nyx;CARD_ID_SPIRESPINE_BESTOWED
11691;Phyrexian;CARD_ID_SPIRE_MONITOR
11532;Mirran;CARD_ID_SPIRE_SERPENT
13811;Nyx;CARD_ID_SPIRIT_OF_THE_LABYRINTH
13812;Nyx;CARD_ID_SPITEFUL_RETURNED
13813;Nyx;CARD_ID_SPITEFUL_RETURNED_BESTOWED
12835;Rakdos;CARD_ID_SPLATTER_THUG
8292;Simic;CARD_ID_SPOREBACK_TROLL
9029;Timeshift;CARD_ID_SPOROLOTH_ANCIENT
11533;Phyrexian;CARD_ID_SPREAD_THE_SICKNESS
15035;Kolaghan;CARD_ID_SPRINTING_WARBRUTE
8294;Rakdos;CARD_ID_SQUEALING_DEVIL
15036;Atarka;CARD_ID_STAMPEDING_ELK_HERD
11368;Phyrexian;CARD_ID_STEADY_PROGRESS
9031;Timeshift;CARD_ID_STEAMFLOGGER_BOSS
1712;Izzet;CARD_ID_STEAM_VENTS
8296;Azorius;CARD_ID_STEELING_STANCE
11369;Mirran;CARD_ID_STEEL_HELLKITE
11534;Phyrexian;CARD_ID_STEEL_SABOTAGE
7967;Golgari;CARD_ID_STINKWEED_IMP
8142;Izzet;CARD_ID_STITCH_IN_TIME
11370;Mirran;CARD_ID_STOIC_REBUTTAL
13074;Dimir;CARD_ID_STOLEN_IDENTITY
1710;Gruul;CARD_ID_STOMPING_GROUND
12838;Golgari;CARD_ID_STONEFARE_CROCODILE
15039;Kolaghan;CARD_ID_STORMWING_DRAGON
9032;Timeshift;CARD_ID_STORM_ENTITY
11535;Phyrexian;CARD_ID_STRANDWALKER
11371;Mirran;CARD_ID_STRATA_SCYTHE
15040;Ojutai;CARD_ID_STRATUS_DANCER
1289;Gruul;CARD_ID_STREETBREAKER_WURM
12839;Izzet;CARD_ID_STREET_SPASM
9033;Timeshift;CARD_ID_STREET_WRAITH
11372;Mirran;CARD_ID_STRIDER_HARNESS
15041;Ojutai;CARD_ID_STRONGARM_MONK
14387;Temur;CARD_ID_STUBBORN_DENIAL
15042;Ojutai;CARD_ID_STUDENT_OF_OJUTAI
14388;Sultai;CARD_ID_SULTAI_ASCENDANCY
14389;Sultai;CARD_ID_SULTAI_BANNER
14390;Sultai;CARD_ID_SULTAI_CHARM
14634;Sultai;CARD_ID_SULTAI_EMISSARY
14391;Sultai;CARD_ID_SULTAI_FLAYER
14635;Sultai;CARD_ID_SULTAI_RUNEMARK
14392;Sultai;CARD_ID_SULTAI_SCAVENGER
14636;Sultai;CARD_ID_SULTAI_SKULLKEEPER
14393;Sultai;CARD_ID_SULTAI_SOOTHSAYER
11373;Mirran;CARD_ID_SUNBLAST_ANGEL
15043;Dromoka;CARD_ID_SUNBRINGERS_TOUCH
12841;Selesnya;CARD_ID_SUNDERING_GROWTH
7971;Selesnya;CARD_ID_SUNDERING_VITAE
7972;Boros;CARD_ID_SUNFORGER
7973;Boros;CARD_ID_SUNHOME_ENFORCER
7974;Boros;CARD_ID_SUNHOME_FORTRESS_OF_THE_LEGION
13076;Boros;CARD_ID_SUNHOME_GUILDMAGE
8859;Timeshift;CARD_ID_SUNLANCE
15044;Dromoka;CARD_ID_SUNSCORCH_REGENT
11374;Mirran;CARD_ID_SUNSPEAR_SHIKARI
12843;Azorius;CARD_ID_SUPREME_VERDICT
11692;Phyrexian;CARD_ID_SURGE_NODE
7976;Boros;CARD_ID_SURGE_OF_ZEAL
11693;Phyrexian;CARD_ID_SURGICAL_EXTRACTION
14395;Temur;CARD_ID_SURRAK_DRAGONCLAW
15046;Atarka;CARD_ID_SURRAK_THE_HUNT_CALLER
11694;Phyrexian;CARD_ID_SUTURE_PRIEST
7978;Golgari;CARD_ID_SVOGTHOS_THE_RESTLESS_TOMB
8302;Azorius;CARD_ID_SWIFT_SILENCE
15047;Kolaghan;CARD_ID_SWIFT_WARKITE
11375;Mirran;CARD_ID_SWORD_OF_BODY_AND_MIND
11536;Mirran;CARD_ID_SWORD_OF_FEAST_AND_FAMINE
11695;Mirran;CARD_ID_SWORD_OF_WAR_AND_PEACE
11376;Mirran;CARD_ID_SYLVOK_LIFESTAFF
11377;Mirran;CARD_ID_SYLVOK_REPLICA
13079;Orzhov;CARD_ID_SYNDICATE_ENFORCER
13078;Orzhov;CARD_ID_SYNDIC_OF_TITHES
7980;Dimir;CARD_ID_SZADEK_LORD_OF_SECRETS
14400;Sultai;CARD_ID_TAIGAMS_SCHEMING
15048;Ojutai;CARD_ID_TAIGAMS_STRIKE
11378;Phyrexian;CARD_ID_TAINTED_STRIKE
13230;Boros;CARD_ID_TAJIC_BLADE_OF_THE_LEGION
11379;Phyrexian;CARD_ID_TANGLE_ANGLER
11537;Phyrexian;CARD_ID_TANGLE_HULK
11538;Mirran;CARD_ID_TANGLE_MANTIS
9038;Timeshift;CARD_ID_TARMOGOYF
9039;Timeshift;CARD_ID_TAROX_BLADEWING
14639;Sultai;CARD_ID_TASIGURS_CRUELTY
14638;Sultai;CARD_ID_TASIGUR_THE_GOLDEN_FANG
8303;Rakdos;CARD_ID_TASTE_FOR_MAYHEM
7981;Dimir;CARD_ID_TATTERED_DRAKE
12848;Izzet;CARD_ID_TELEPORTAL
11380;Mirran;CARD_ID_TEL_JILAD_DEFIANCE
11381;Phyrexian;CARD_ID_TEL_JILAD_FALLEN
11382;Mirran;CARD_ID_TEMPERED_STEEL
1498;Selesnya;CARD_ID_TEMPLE_GARDEN
14640;Sultai;CARD_ID_TEMPORAL_TRESPASS
14402;Temur;CARD_ID_TEMUR_ASCENDANCY
14403;Temur;CARD_ID_TEMUR_BANNER
14641;Temur;CARD_ID_TEMUR_BATTLE_RAGE
14404;Temur;CARD_ID_TEMUR_CHARGER
14405;Temur;CARD_ID_TEMUR_CHARM
14642;Temur;CARD_ID_TEMUR_RUNEMARK
14643;Temur;CARD_ID_TEMUR_SABERTOOTH
14644;Temur;CARD_ID_TEMUR_WAR_SHAMAN
12850;Golgari;CARD_ID_TERRUS_WURM
13232;Orzhov;CARD_ID_TEYSA_ENVOY_OF_GHOSTS
8146;Orzhov;CARD_ID_TEYSA_ORZHOV_SCION
11696;Phyrexian;CARD_ID_TEZZERETS_GAMBIT
13995;Nyx;CARD_ID_THASSAS_DEVOURER
13575;Nyx;CARD_ID_THASSAS_EMISSARY
13576;Nyx;CARD_ID_THASSAS_EMISSARY_BESTOWED
13572;Nyx;CARD_ID_THASSA_GOD_OF_THE_SEA
13573;Nyx;CARD_ID_THASSA_GOD_OF_THE_SEA_INCARNATE
11540;Mirran;CARD_ID_THOPTER_ASSEMBLY
9040;Timeshift;CARD_ID_THORNWEALD_ARCHER
12851;Izzet;CARD_ID_THOUGHTFLARE
13997;Nyx;CARD_ID_THOUGHTRENDER_LAMIA
14407;Jeskai;CARD_ID_THOUSAND_WINDS
13233;Golgari;CARD_ID_THRASHING_MOSSDOG
12852;Rakdos;CARD_ID_THRILL_KILL_ASSASSIN
11383;Phyrexian;CARD_ID_THRONE_OF_GETH
13081;Orzhov;CARD_ID_THRULL_PARASITE
11384;Phyrexian;CARD_ID_THRUMMINGBIRD
11541;Mirran;CARD_ID_THRUN_THE_LAST_TROLL
9041;Timeshift;CARD_ID_THUNDERBLADE_CHARGE
15052;Kolaghan;CARD_ID_THUNDERBREAK_REGENT
8147;Izzet;CARD_ID_THUNDERHEADS
11697;Phyrexian;CARD_ID_THUNDERING_TANADON
7987;Boros;CARD_ID_THUNDERSONG_TRUMPETER
8148;Izzet;CARD_ID_TIBOR_AND_LUMIA
14409;Mardu;CARD_ID_TIMELY_HORDEMATE
11542;Phyrexian;CARD_ID_TINE_SHRIKE
8149;Gruul;CARD_ID_TIN_STREET_HOOLIGAN
11543;Mirran;CARD_ID_TITAN_FORGE
13234;Orzhov;CARD_ID_TITHE_DRINKER
13235;Rakdos;CARD_ID_TOIL_TROUBLE
1482;Selesnya;CARD_ID_TOLSIMIR_WOLFBLOOD
9043;Timeshift;CARD_ID_TOMBSTALKER
8151;Izzet;CARD_ID_TORCH_DRAKE
11698;Phyrexian;CARD_ID_TORMENTOR_EXARCH
11699;Phyrexian;CARD_ID_TORPOR_ORB
14645;Sultai;CARD_ID_TORRENT_ELEMENTAL
13085;Boros;CARD_ID_TOWERING_THUNDERFIST
5154;Azorius;CARD_ID_TOWER_DRAKE
11385;Mirran;CARD_ID_TOWER_OF_CALAMITIES
11700;Phyrexian;CARD_ID_TOXIC_NIM
11544;Mirran;CARD_ID_TRAINING_DRONE
8152;Izzet;CARD_ID_TRAIN_OF_THOUGHT
13236;Dimir;CARD_ID_TRAIT_DOCTORING
7990;Selesnya;CARD_ID_TRANSLUMINANT
14414;Temur;CARD_ID_TRAP_ESSENCE
12856;Golgari;CARD_ID_TREASURED_FIND
14415;Sultai;CARD_ID_TREASURE_CRUISE
11545;Mirran;CARD_ID_TREASURE_MAGE
13086;Orzhov;CARD_ID_TREASURY_THRULL
11701;Phyrexian;CARD_ID_TRESPASSING_SOULEATER
12857;Golgari;CARD_ID_TRESTLE_TROLL
11386;Phyrexian;CARD_ID_TRIGON_OF_CORRUPTION
11387;Phyrexian;CARD_ID_TRIGON_OF_INFESTATION
11388;Mirran;CARD_ID_TRIGON_OF_MENDING
11389;Mirran;CARD_ID_TRIGON_OF_RAGE
11390;Mirran;CARD_ID_TRIGON_OF_THOUGHT
7143;Mirran;CARD_ID_TRINKET_MAGE
11702;Phyrexian;CARD_ID_TRIUMPH_OF_THE_HORDES
12859;Selesnya;CARD_ID_TROSTANIS_JUDGMENT
13237;Selesnya;CARD_ID_TROSTANIS_SUMMONER
12858;Selesnya;CARD_ID_TROSTANI_SELESNYAS_VOICE
13087;Boros;CARD_ID_TRUEFIRE_PALADIN
11391;Mirran;CARD_ID_TRUE_CONVICTION
8307;Simic;CARD_ID_TRYGON_PREDATOR
11392;Mirran;CARD_ID_TUMBLE_MAGNET
11393;Mirran;CARD_ID_TUNNEL_IGNUS
11394;Mirran;CARD_ID_TURN_ASIDE
13133;Izzet;CARD_ID_TURN_BURN
11546;Mirran;CARD_ID_TURN_THE_TIDE
11395;Mirran;CARD_ID_TURN_TO_SLAG
14417;Abzan;CARD_ID_TUSKGUARD_CAPTAIN
8308;Rakdos;CARD_ID_TWINSTRIKE
11396;Mirran;CARD_ID_TWISTED_IMAGE
7994;Dimir;CARD_ID_TWISTED_JUSTICE
12106;Sultai;CARD_ID_TYPHOID_RATS
8153;Gruul;CARD_ID_ULASHT_THE_HATE_SEED
13089;Dimir;CARD_ID_UNDERCITY_PLAGUE
14002;Nyx;CARD_ID_UNDERWORLD_COINSMITH
13090;Simic;CARD_ID_UNEXPECTED_RESULTS
13240;Selesnya;CARD_ID_UNFLINCHING_COURAGE
11547;Phyrexian;CARD_ID_UNNATURAL_PREDATION
11397;Mirran;CARD_ID_UNTAMED_MIGHT
11703;Mirran;CARD_ID_UNWINDING_CLOCK
14419;Abzan;CARD_ID_UNYIELDING_KRUMAR
15056;Ojutai;CARD_ID_UPDRAFT_ELEMENTAL
11704;Phyrexian;CARD_ID_URABRASK_THE_HIDDEN
12862;Simic;CARD_ID_URBAN_BURGEONING
8154;Izzet;CARD_ID_VACUUMELT
14421;Mardu;CARD_ID_VALLEY_DASHER
8872;Timeshift;CARD_ID_VAMPIRIC_LINK
12864;Izzet;CARD_ID_VANDALBLAST
11705;Phyrexian;CARD_ID_VAPOR_SNAG
13241;Golgari;CARD_ID_VAROLZ_THE_SCAR_STRIPED
12865;Azorius;CARD_ID_VASSAL_SOUL
14649;Mardu;CARD_ID_VAULTBREAKER
11706;Phyrexian;CARD_ID_VAULT_SKIRGE
11398;Mirran;CARD_ID_VAULT_SKYWARD
11399;Phyrexian;CARD_ID_VECTOR_ASP
11548;Phyrexian;CARD_ID_VEDALKEN_ANATOMIST
11400;Mirran;CARD_ID_VEDALKEN_CERTARCH
9046;Timeshift;CARD_ID_VEDALKEN_ETHERMAGE
11549;Mirran;CARD_ID_VEDALKEN_INFUSER
11401;Mirran;CARD_ID_VENSERS_JOURNAL
13242;Boros;CARD_ID_VIASHINO_FIRSTBLADE
13094;Gruul;CARD_ID_VIASHINO_SHANKTAIL
11707;Phyrexian;CARD_ID_VICTORIOUS_DESTRUCTION
11550;Mirran;CARD_ID_VICTORYS_HERALD
8315;Simic;CARD_ID_VIGEAN_GRAFTMAGE
8316;Simic;CARD_ID_VIGEAN_HYDROPON
8317;Simic;CARD_ID_VIGEAN_INTUITION
11404;Mirran;CARD_ID_VIGIL_FOR_THE_LOST
8001;Golgari;CARD_ID_VIGOR_MORTIS
14423;Sultai;CARD_ID_VILLAINOUS_WEALTH
11708;Phyrexian;CARD_ID_VIRAL_DRAKE
11709;Phyrexian;CARD_ID_VIRIDIAN_BETRAYERS
11551;Mirran;CARD_ID_VIRIDIAN_CLAW
11552;Phyrexian;CARD_ID_VIRIDIAN_CORRUPTER
11553;Phyrexian;CARD_ID_VIRIDIAN_EMISSARY
11710;Mirran;CARD_ID_VIRIDIAN_HARVEST
11405;Mirran;CARD_ID_VIRIDIAN_REVEL
9050;Timeshift;CARD_ID_VIRULENT_SLIVER
11554;Phyrexian;CARD_ID_VIRULENT_WOUND
11711;Phyrexian;CARD_ID_VITAL_SPLICER
12867;Selesnya;CARD_ID_VITU_GHAZI_GUILDMAGE
8004;Selesnya;CARD_ID_VITU_GHAZI_THE_CITY_TREE
11555;Phyrexian;CARD_ID_VIVISECTION
13095;Orzhov;CARD_ID_VIZKOPA_CONFESSOR
13096;Orzhov;CARD_ID_VIZKOPA_GUILDMAGE
13243;Selesnya;CARD_ID_VOICE_OF_RESURGENCE
8319;Simic;CARD_ID_VOIDSLIME
13097;Dimir;CARD_ID_VOIDWALK
15060;Ojutai;CARD_ID_VOID_SQUALL
11406;Mirran;CARD_ID_VOLITION_REINS
11712;Phyrexian;CARD_ID_VOLT_CHARGE
13244;Simic;CARD_ID_VOREL_OF_THE_HULL_CLADE
11713;Phyrexian;CARD_ID_VORINCLEX_VOICE_OF_HUNGER
8005;Selesnya;CARD_ID_VOTARY_OF_THE_CONCLAVE
11407;Mirran;CARD_ID_VULSHOK_HEARTSTOKER
11714;Mirran;CARD_ID_VULSHOK_REFUGEE
11408;Mirran;CARD_ID_VULSHOK_REPLICA
15063;Silumgar;CARD_ID_VULTUROUS_AVEN
8007;Golgari;CARD_ID_VULTUROUS_ZOMBIE
13245;Selesnya;CARD_ID_WAKE_THE_REFLECTIONS
8321;Azorius;CARD_ID_WALKING_ARCHIVE
11409;Mirran;CARD_ID_WALL_OF_TANGLECORD
14650;Jeskai;CARD_ID_WANDERING_CHAMPION
15064;Silumgar;CARD_ID_WANDERING_TOMBSHELL
15065;Kolaghan;CARD_ID_WARBRINGER
14425;Jeskai;CARD_ID_WARDEN_OF_THE_EYE
14652;Abzan;CARD_ID_WARDEN_OF_THE_FIRST_TREE
14653;Dromoka;CARD_ID_WARDSCALE_DRAGON
13246;Boros;CARD_ID_WARLEADERS_HELIX
13098;Boros;CARD_ID_WARMIND_INFANTRY
13247;Dimir;CARD_ID_WARPED_PHYSIQUE
14424;Abzan;CARD_ID_WAR_BEHEMOTH
14426;Mardu;CARD_ID_WAR_NAME_ASPIRANT
11715;Phyrexian;CARD_ID_WAR_REPORT
13099;Gruul;CARD_ID_WASTELAND_VIPER
14427;Abzan;CARD_ID_WATCHER_OF_THE_ROOST
1297;Selesnya;CARD_ID_WATCHWOLF
1709;Dimir;CARD_ID_WATERY_GRAVE
12871;Selesnya;CARD_ID_WAYFARING_TEMPLE
13248;Izzet;CARD_ID_WEAPON_SURGE
13231;Boros;CARD_ID_WEAR_TEAR
8157;Izzet;CARD_ID_WEE_DRAGONAUTS
9051;Timeshift;CARD_ID_WHETWHEEL
11716;Mirran;CARD_ID_WHIPFLARE
13598;Nyx;CARD_ID_WHIP_OF_EREBOS
9052;Timeshift;CARD_ID_WHIP_SPINE_DRAKE
14431;Jeskai;CARD_ID_WHIRLWIND_ADEPT
14655;Temur;CARD_ID_WHISPERER_OF_THE_WILDS
13101;Dimir;CARD_ID_WHISPERING_MADNESS
11717;Phyrexian;CARD_ID_WHISPERING_SPECTER
14656;Temur;CARD_ID_WHISPERWOOD_ELEMENTAL
11410;Mirran;CARD_ID_WHITESUNS_PASSAGE
14004;Nyx;CARD_ID_WHITEWATER_NAIADS
11556;Mirran;CARD_ID_WHITE_SUNS_ZENITH
8158;Gruul;CARD_ID_WILD_CANTOR
14657;Temur;CARD_ID_WILD_SLASH
14659;Sultai;CARD_ID_WILL_OF_THE_NAGA
8325;Azorius;CARD_ID_WINDREAVER
14660;Temur;CARD_ID_WINDS_OF_QAL_SISMA
14433;Mardu;CARD_ID_WINGMATE_ROC
11411;Mirran;CARD_ID_WING_PUNCTURE
11718;Phyrexian;CARD_ID_WING_SPLICER
9053;Timeshift;CARD_ID_WITCHS_MIST
11412;Mirran;CARD_ID_WITHSTAND_DEATH
8012;Boros;CARD_ID_WOJEK_APOTHECARY
8013;Boros;CARD_ID_WOJEK_EMBERMAGE
13104;Boros;CARD_ID_WOJEK_HALBERDIERS
8014;Boros;CARD_ID_WOJEK_SIREN
13249;Dimir;CARD_ID_WOODLOT_CRAWLER
8015;Golgari;CARD_ID_WOODWRAITH_CORRUPTER
8016;Golgari;CARD_ID_WOODWRAITH_STRANGLER
14436;Temur;CARD_ID_WOOLLY_LOXODON
8162;Gruul;CARD_ID_WREAK_HAVOC
1278;Rakdos;CARD_ID_WRECKING_BALL
13105;Gruul;CARD_ID_WRECKING_OGRE
8327;Azorius;CARD_ID_WRIT_OF_PASSAGE
11413;Phyrexian;CARD_ID_WURMCOIL_ENGINE
13833;Nyx;CARD_ID_XENAGOS_GOD_OF_REVELS
13834;Nyx;CARD_ID_XENAGOS_GOD_OF_REVELS_INCARNATE
11719;Phyrexian;CARD_ID_XENOGRAFT
14662;Temur;CARD_ID_YASOVA_DRAGONCLAW
9055;Timeshift;CARD_ID_YIXLID_JAILER
15066;Silumgar;CARD_ID_YOUTHFUL_SCHOLAR
13106;Simic;CARD_ID_ZAMECK_GUILDMAGE
12874;Golgari;CARD_ID_ZANIKEV_LOCUST
15067;Ojutai;CARD_ID_ZEPHYR_SCRIBE
13250;Gruul;CARD_ID_ZHUR_TAA_ANCIENT
13251;Gruul;CARD_ID_ZHUR_TAA_DRUID
13108;Gruul;CARD_ID_ZHUR_TAA_SWINE
9056;Timeshift;CARD_ID_ZOETIC_CAVERN
15068;Kolaghan;CARD_ID_ZURGO_BELLSTRIKER
14437;Mardu;CARD_ID_ZURGO_HELMSMASHER
-1;;entries below this are ignored
13120;Simic;Azorius;CARD_ID_BECK_CALL
8179;Golgari;Simic;CARD_ID_BOUND_DETERMINED
13130;Dimir;Rakdos;CARD_ID_BREAKING_ENTERING
13135;Izzet;Boros;CARD_ID_CATCH_RELEASE
8189;Orzhov;Golgari;CARD_ID_CRIME_PUNISHMENT
13124;Golgari;Gruul;CARD_ID_FLESH_BLOOD
8222;Boros;Orzhov;CARD_ID_HIDE_SEEK
8223;Rakdos;Gruul;CARD_ID_HIT_RUN
8245;Izzet;Boros;CARD_ID_ODDS_ENDS
8264;Gruul;Selesnya;CARD_ID_PURE_SIMPLE
13202;Selesnya;Orzhov;CARD_ID_READY_WILLING
8274;Simic;Izzet;CARD_ID_RESEARCH_DEVELOPMENT
8276;Dimir;Rakdos;CARD_ID_RISE_FALL
8301;Selesnya;Azorius;CARD_ID_SUPPLY_DEMAND
8306;Azorius;Dimir;CARD_ID_TRIAL_ERROR
